position,ref_aa,variant,npat_nonref,frac_nonref,med_var_pct,klass
NS5A-83,T,I,19,0.66,90.2,CANDIDATE
NS5B-545,F,L,19,0.66,99.2,CANDIDATE
NS5B-57,V,I,19,0.66,98.4,CANDIDATE
NS5B-549,E,G,17,0.59,99.5,CANDIDATE
NS5B-59,I,V,16,0.55,97.6,CANDIDATE
NS5A-164,A,T,14,0.48,98.2,CANDIDATE
NS5A-75,V,I,14,0.48,98.5,CANDIDATE
NS5A-108,K,R,12,0.41,99.4,CANDIDATE
NS5A-107,R,H,11,0.38,91.5,CANDIDATE
NS5A-156,I,V,11,0.38,98.8,CANDIDATE
NS5B-71,V,I,11,0.38,98.3,CANDIDATE
NS5A-101,I,T,10,0.34,99.2,CANDIDATE
NS5A-127,N,Y,8,0.28,98.8,CANDIDATE
NS5A-64,T,A,8,0.28,98.3,CANDIDATE
NS5B-36,L,M,8,0.28,98.9,CANDIDATE
NS5B-431,G,A,8,0.28,99.5,CANDIDATE
NS5A-130,I,V,7,0.24,99.3,CANDIDATE
NS5B-202,E,D,7,0.24,99.1,CANDIDATE
NS5A-183,I,V,6,0.21,98.6,CANDIDATE
NS5A-213,T,A,6,0.21,98.8,CANDIDATE
NS5B-149,P,S,6,0.21,97.8,CANDIDATE
NS5B-389,V,T,6,0.21,99.1,CANDIDATE
NS5A-169,L,I,5,0.17,99.2,CANDIDATE
NS5A-207,A,S,5,0.17,99.0,CANDIDATE
NS5B-148,D,N,5,0.17,98.5,CANDIDATE
NS5B-235,T,V,5,0.17,99.2,CANDIDATE
NS5B-520,I,T,5,0.17,99.1,CANDIDATE
NS5A-37,L,F,4,0.14,75.0,CANDIDATE
NS5A-52,I,V,4,0.14,97.6,CANDIDATE
NS5A-79,T,M,4,0.14,89.8,CANDIDATE
NS5B-330,T,A,4,0.14,99.3,CANDIDATE
NS5B-73,A,T,4,0.14,97.6,CANDIDATE
NS5A-132,A,G,3,0.1,99.6,CANDIDATE
NS5A-153,V,L,3,0.1,99.6,CANDIDATE
NS5A-46,T,E,3,0.1,96.7,CANDIDATE
NS5B-184,L,S,3,0.1,99.1,CANDIDATE
NS5B-248,E,V,3,0.1,99.5,CANDIDATE
NS5B-334,S,N,3,0.1,88.6,CANDIDATE
NS5A-103,S,P,2,0.07,99.8,CANDIDATE
NS5A-12,V,I,2,0.07,98.4,CANDIDATE
NS5A-122,V,I,2,0.07,98.8,CANDIDATE
NS5A-125,G,R,2,0.07,96.1,CANDIDATE
NS5A-171,D,E,2,0.07,85.0,CANDIDATE
NS5A-174,T,S,2,0.07,98.3,CANDIDATE
NS5A-175,Y,F,2,0.07,98.9,CANDIDATE
NS5A-176,S,C,2,0.07,99.4,CANDIDATE
NS5A-25,A,S,2,0.07,98.9,CANDIDATE
NS5A-95,T,S,2,0.07,98.4,CANDIDATE
NS5B-11,I,V,2,0.07,87.3,CANDIDATE
NS5B-116,I,V,2,0.07,98.4,CANDIDATE
NS5B-124,E,K,2,0.07,98.8,CANDIDATE
NS5B-150,Q,H,2,0.07,75.9,CANDIDATE
NS5B-180,R,C,2,0.07,99.5,CANDIDATE
NS5B-211,K,R,2,0.07,99.0,CANDIDATE
NS5B-267,F,V,2,0.07,99.3,CANDIDATE
NS5B-273,S,T,2,0.07,98.9,CANDIDATE
NS5B-285,L,F,2,0.07,98.8,CANDIDATE
NS5B-297,L,I,2,0.07,82.8,CANDIDATE
NS5B-31,I,L,2,0.07,99.6,CANDIDATE
NS5B-426,M,L,2,0.07,99.5,CANDIDATE
NS5B-79,S,N,2,0.07,98.4,CANDIDATE
NS5B-94,A,V,2,0.07,92.8,CANDIDATE
NS5A-78,K,R,28,0.97,99.4,LINEAGE_FIXED
NS5A-58,S,P,27,0.93,99.6,LINEAGE_FIXED
NS5B-393,S,A,27,0.93,99.8,LINEAGE_FIXED
NS5B-488,G,S,25,0.86,99.4,LINEAGE_FIXED
NS5A-126,D,,0,0.0,0.0,NONE
NS5A-131,V,,0,0.0,0.0,NONE
NS5A-157,R,,0,0.0,0.0,NONE
NS5A-184,I,,0,0.0,0.0,NONE
NS5A-5,L,,0,0.0,0.0,NONE
NS5A-6,R,,0,0.0,0.0,NONE
NS5A-8,I,,0,0.0,0.0,NONE
NS5B-127,L,,0,0.0,0.0,NONE
NS5B-151,K,,0,0.0,0.0,NONE
NS5B-193,F,,0,0.0,0.0,NONE
NS5B-228,V,,0,0.0,0.0,NONE
NS5B-386,R,,0,0.0,0.0,NONE
NS5B-421,V,,0,0.0,0.0,NONE
NS5B-50,K,,0,0.0,0.0,NONE
NS5B-580,A,,0,0.0,0.0,NONE
NS5B-581,V,,0,0.0,0.0,NONE
NS5B-582,G,,0,0.0,0.0,NONE
NS5B-583,V,,0,0.0,0.0,NONE
NS5B-584,G,,0,0.0,0.0,NONE
NS5B-586,F,,0,0.0,0.0,NONE
NS5B-587,L,,0,0.0,0.0,NONE
NS5B-588,L,,0,0.0,0.0,NONE
NS5B-589,P,,0,0.0,0.0,NONE
NS5B-590,A,,0,0.0,0.0,NONE
NS5B-591,R,,0,0.0,0.0,NONE
NS5A-124,H,R,1,0.03,99.5,PRIVATE
NS5A-133,A,V,1,0.03,96.8,PRIVATE
NS5A-146,S,A,1,0.03,98.8,PRIVATE
NS5A-158,L,V,1,0.03,99.4,PRIVATE
NS5A-161,Y,F,1,0.03,82.1,PRIVATE
NS5A-172,E,D,1,0.03,86.3,PRIVATE
NS5A-173,I,V,1,0.03,99.7,PRIVATE
NS5A-187,Q,R,1,0.03,99.2,PRIVATE
NS5A-197,A,T,1,0.03,96.8,PRIVATE
NS5A-21,T,A,1,0.03,99.2,PRIVATE
NS5A-26,K,R,1,0.03,99.4,PRIVATE
NS5A-54,H,Y,1,0.03,99.4,PRIVATE
NS5A-56,T,M,1,0.03,98.0,PRIVATE
NS5A-71,T,S,1,0.03,99.2,PRIVATE
NS5A-73,K,R,1,0.03,99.4,PRIVATE
NS5A-87,T,A,1,0.03,71.4,PRIVATE
NS5A-90,I,V,1,0.03,99.3,PRIVATE
NS5B-10,L,V,1,0.03,99.6,PRIVATE
NS5B-110,A,T,1,0.03,77.7,PRIVATE
NS5B-111,H,Y,1,0.03,99.6,PRIVATE
NS5B-15,A,V,1,0.03,99.5,PRIVATE
NS5B-162,Y,F,1,0.03,81.7,PRIVATE
NS5B-166,G,S,1,0.03,83.9,PRIVATE
NS5B-185,A,V,1,0.03,99.6,PRIVATE
NS5B-210,A,S,1,0.03,99.6,PRIVATE
NS5B-234,R,H,1,0.03,91.9,PRIVATE
NS5B-246,D,H,1,0.03,60.3,PRIVATE
NS5B-250,R,K,1,0.03,99.2,PRIVATE
NS5B-257,N,T,1,0.03,92.4,PRIVATE
NS5B-26,L,F,1,0.03,87.0,PRIVATE
NS5B-271,N,G,1,0.03,98.7,PRIVATE
NS5B-296,Y,F,1,0.03,99.0,PRIVATE
NS5B-304,R,K,1,0.03,79.3,PRIVATE
NS5B-307,K,N,1,0.03,99.4,PRIVATE
NS5B-310,D,N,1,0.03,81.7,PRIVATE
NS5B-311,Y,F,1,0.03,99.3,PRIVATE
NS5B-322,V,I,1,0.03,97.1,PRIVATE
NS5B-327,A,E,1,0.03,78.5,PRIVATE
NS5B-340,T,M,1,0.03,54.6,PRIVATE
NS5B-353,E,D,1,0.03,98.8,PRIVATE
NS5B-376,N,D,1,0.03,99.1,PRIVATE
NS5B-414,M,L,1,0.03,99.2,PRIVATE
NS5B-42,S,T,1,0.03,87.1,PRIVATE
NS5B-425,L,M,1,0.03,99.2,PRIVATE
NS5B-438,T,A,1,0.03,99.6,PRIVATE
NS5B-44,S,T,1,0.03,99.2,PRIVATE
NS5B-441,K,N,1,0.03,68.3,PRIVATE
NS5B-46,S,P,1,0.03,84.0,PRIVATE
NS5B-461,Q,R,1,0.03,78.7,PRIVATE
NS5B-476,G,S,1,0.03,99.3,PRIVATE
NS5B-487,A,G,1,0.03,99.4,PRIVATE
NS5B-523,R,K,1,0.03,84.6,PRIVATE
NS5B-553,A,S,1,0.03,99.2,PRIVATE
NS5B-562,H,R,1,0.03,99.4,PRIVATE
NS5B-566,Q,R,1,0.03,52.8,PRIVATE
NS5B-578,L,P,1,0.03,78.2,PRIVATE
NS5B-63,H,Y,1,0.03,53.3,PRIVATE
NS5B-68,L,V,1,0.03,99.7,PRIVATE
NS5B-69,K,T,1,0.03,79.3,PRIVATE
NS5B-85,T,I,1,0.03,87.6,PRIVATE
