id,Sample ID,subtype_ns5b,subtype_similarity_ns5b,subtype_clade_ns5b,subtype_clade_similarity_ns5b,start_pos_ns5b,end_pos_ns5b,similarity_aa_ns5b,all_mutations_ns5b,reference_used_ns5b,all_resistance_muts_ns5b,subtype_ns5a,subtype_similarity_ns5a,subtype_clade_ns5a,subtype_clade_similarity_ns5a,start_pos_ns5a,end_pos_ns5a,similarity_aa_ns5a,all_mutations_ns5a,reference_used_ns5a,all_resistance_muts_ns5a,subtype_ns3,subtype_similarity_ns3,subtype_clade_ns3,subtype_clade_similarity_ns3,start_pos_ns3,end_pos_ns3,similarity_aa_ns3,all_mutations_ns3,reference_used_ns3,all_resistance_muts_ns3,ASV_muts,ASV_class,ASV_fold,ASV_evidence,BOC_muts,BOC_class,BOC_fold,BOC_evidence,DCV_muts,DCV_class,DCV_fold,DCV_evidence,DSV_muts,DSV_class,DSV_fold,DSV_evidence,EBR_muts,EBR_class,EBR_fold,EBR_evidence,GLE_muts,GLE_class,GLE_fold,GLE_evidence,GZR_muts,GZR_class,GZR_fold,GZR_evidence,LDV_muts,LDV_class,LDV_fold,LDV_evidence,OBV_muts,OBV_class,OBV_fold,OBV_evidence,PIB_muts,PIB_class,PIB_fold,PIB_evidence,PTV_muts,PTV_class,PTV_fold,PTV_evidence,SMV_muts,SMV_class,SMV_fold,SMV_evidence,SOF_muts,SOF_class,SOF_fold,SOF_evidence,TVR_muts,TVR_class,TVR_fold,TVR_evidence,VEL_muts,VEL_class,VEL_fold,VEL_evidence,VOX_muts,VOX_class,VOX_fold,VOX_evidence
(No identifier given) - LK008A_NS5A,LK008A,6f,0.9443,,,1,592,0.9848,"V57I, I59V, S334DGNS, S393A, G431AG, K441KN, G488S, F545L, E549G",DQ835760,not available,6f,0.9243,,,3,213,0.9526,"S58P, A62N, T64A, V75I, K78R, T83I, I101T, I130V, A164T, T213A",DQ835760,not available,,,,,,,,,,,,,,,,,,,not available,not licensed for subtype,not available,-,not available,not licensed for subtype,not available,-,not available,not licensed for subtype,not available,-,,,,,,,,,none,susceptible,-,-,not available,not licensed for subtype,not available,-,none,susceptible,-,-,,,,,,,,,none,susceptible,-,-,,,,,none,susceptible,-,-,,,,
(No identifier given) - ST003B_NS5A,ST003B,6f,0.9482,,,1,592,0.9814,"I31L, V57I, I59T, D148N, T235V, S282T, L285F, V389T, S393A, G488S, R523KQR",DQ835760,"not available,282T",6f,0.918,,,3,213,0.9668,"A28AS, S58P, K78R, K108R, N127Y, S146A, A164T",DQ835760,not available,,,,,,,,,,,,,,,,,,,not available,not licensed for subtype,not available,-,not available,not licensed for subtype,not available,-,not available,not licensed for subtype,not available,-,,,,,,,,,none,susceptible,-,-,not available,not licensed for subtype,not available,-,none,susceptible,-,-,,,,,,,,,282T,reduced susceptibility,not available,CR,,,,,none,susceptible,-,-,,,,
(No identifier given) - ST003A_NS5A,ST003A,6f,0.9493,,,1,592,0.9848,"I31L, V57I, I59T, D148N, T235V, V389T, S393A, G488S, R523K",DQ835760,not available,6f,0.9243,,,3,213,0.9716,"S58P, K78R, K108R, N127Y, S146A, A164T",DQ835760,not available,,,,,,,,,,,,,,,,,,,not available,not licensed for subtype,not available,-,not available,not licensed for subtype,not available,-,not available,not licensed for subtype,not available,-,,,,,,,,,none,susceptible,-,-,not available,not licensed for subtype,not available,-,none,susceptible,-,-,,,,,,,,,none,susceptible,-,-,,,,,none,susceptible,-,-,,,,
(No identifier given) - PB031B_NS5A,PB031B,6f,0.965,,,212,592,0.9843,"L297I, R304K, A327E, S334N, S393A, G488S",DQ835760,not available,6f,0.8998,,,3,213,0.9479,"L5S, R6I, I8R, I52IV, S58P, T71S, K73R, V75M, K78R, R107H",DQ835760,not available,,,,,,,,,,,,,,,,,,,not available,not licensed for subtype,not available,-,not available,not licensed for subtype,not available,-,not available,not licensed for subtype,not available,-,,,,,,,,,none,susceptible,-,-,not available,not licensed for subtype,not available,-,none,susceptible,-,-,,,,,,,,,none,susceptible,-,-,,,,,none,susceptible,-,-,,,,
(No identifier given) - PB031A_NS5A,PB031A,6f,0.9505,,,1,592,0.9916,"D148N, T330A, S393A, F545L, E549G",DQ835760,not available,6f,0.9274,,,3,213,0.9716,"S58P, T71S, K73R, V75M, K78R, R107H",DQ835760,not available,,,,,,,,,,,,,,,,,,,not available,not licensed for subtype,not available,-,not available,not licensed for subtype,not available,-,not available,not licensed for subtype,not available,-,,,,,,,,,none,susceptible,-,-,not available,not licensed for subtype,not available,-,none,susceptible,-,-,,,,,,,,,none,susceptible,-,-,,,,,none,susceptible,-,-,,,,
(No identifier given) - PB029B_NS5A,PB029B,6f,0.9505,,,1,592,0.9865,"I59IV, V71I, S79N, P149L, T330A, S393A, F545L, E549G",DQ835760,not available,6f,0.9369,,,3,213,0.9668,"K26R, S58P, A62AT, V75I, K78R, K108R, A164T",DQ835760,not available,,,,,,,,,,,,,,,,,,,not available,not licensed for subtype,not available,-,not available,not licensed for subtype,not available,-,not available,not licensed for subtype,not available,-,,,,,,,,,none,susceptible,-,-,not available,not licensed for subtype,not available,-,none,susceptible,-,-,,,,,,,,,none,susceptible,-,-,,,,,none,susceptible,-,-,,,,
(No identifier given) - PB029A_NS5A,PB029A,6f,0.9561,,,1,592,0.9882,"I59V, V71I, S79N, T330A, S393A, F545L, E549G",DQ835760,not available,6f,0.9387,,,8,213,0.966,"K26R, S58P, V75I, K78R, I101T, K108R, A164T",DQ835760,not available,,,,,,,,,,,,,,,,,,,not available,not licensed for subtype,not available,-,not available,not licensed for subtype,not available,-,not available,not licensed for subtype,not available,-,,,,,,,,,none,susceptible,-,-,not available,not licensed for subtype,not available,-,none,susceptible,-,-,,,,,,,,,none,susceptible,-,-,,,,,none,susceptible,-,-,,,,
(No identifier given) - PB027B_NS5A,PB027B,6f,0.9611,,,1,592,0.9899,"V389T, S393T, V421AV, G488C, F545L, E549G",DQ835760,not available,6f,0.9356,,,7,213,0.942,"S58P, A62V, T64AT, V75I, K78R, T93S, R107H, N127G, A164T, L169I, Q187R, T213A",DQ835760,"not available,",,,,,,,,,,,,,,,,,,,not available,not licensed for subtype,not available,-,not available,not licensed for subtype,not available,-,not available,not licensed for subtype,not available,-,,,,,,,,,93S,substitution on scored position,-,-,not available,not licensed for subtype,not available,-,none,susceptible,-,-,,,,,,,,,none,susceptible,-,-,,,,,93S,substitution on scored position,-,-,,,,
(No identifier given) - PB027A_NS5A,PB027A,6f,0.96,,,1,592,0.9916,"V389T, S393T, G488C, F545L, E549G",DQ835760,not available,6f,0.9322,,,3,213,0.9479,"S58P, A62V, V75I, K78R, T93S, R107H, N127G, L169I, Q187R, A207T, T213A",DQ835760,"not available,",,,,,,,,,,,,,,,,,,,not available,not licensed for subtype,not available,-,not available,not licensed for subtype,not available,-,not available,not licensed for subtype,not available,-,,,,,,,,,93S,substitution on scored position,-,-,not available,not licensed for subtype,not available,-,none,susceptible,-,-,,,,,,,,,none,susceptible,-,-,,,,,93S,substitution on scored position,-,-,,,,
(No identifier given) - PB026B_NS5A,PB026B,6f,0.9521,,,1,592,0.9814,"L36M, V57T, E124K, A185V, T235V, K307N, D310N, Y311F, N376D, S393A, F545L",DQ835760,not available,6f,0.8981,,,1,213,0.9108,"A28T, H54Y, S58P, A62N, V75I, T83I, I101T, S103P, K108R, V122I, I130V, A132G, A133V, I156V, I173V, T174S, S176C, I183V, T213A",DQ835760,not available,,,,,,,,,,,,,,,,,,,not available,not licensed for subtype,not available,-,not available,not licensed for subtype,not available,-,not available,not licensed for subtype,not available,-,,,,,,,,,none,susceptible,-,-,not available,not licensed for subtype,not available,-,none,susceptible,-,-,,,,,,,,,none,susceptible,-,-,,,,,none,susceptible,-,-,,,,
(No identifier given) - PB026A_NS5A,PB026A,6f,0.9527,,,1,592,0.9814,"L36M, V57T, I116V, E124K, A185V, T235V, K307N, Y311F, N376D, S393A, F545L",DQ835760,not available,6f,0.9006,,,3,213,0.91,"A28T, H54Y, S58P, A62N, V75I, T83I, I101T, S103P, K108R, V122I, I130V, A132G, A133V, I156V, I173V, T174S, S176C, I183V, T213A",DQ835760,not available,,,,,,,,,,,,,,,,,,,not available,not licensed for subtype,not available,-,not available,not licensed for subtype,not available,-,not available,not licensed for subtype,not available,-,,,,,,,,,none,susceptible,-,-,not available,not licensed for subtype,not available,-,none,susceptible,-,-,,,,,,,,,none,susceptible,-,-,,,,,none,susceptible,-,-,,,,
(No identifier given) - NP045B_NS5A,NP045B,6f,0.9583,,,1,592,0.9882,"V57I, S393A, G431A, G488S, I520T, F545L, E549G",DQ835760,not available,6f,0.9432,,,3,213,0.9763,"S58P, A62T, K78R, T83I, I101T",DQ835760,not available,,,,,,,,,,,,,,,,,,,not available,not licensed for subtype,not available,-,not available,not licensed for subtype,not available,-,not available,not licensed for subtype,not available,-,,,,,,,,,none,susceptible,-,-,not available,not licensed for subtype,not available,-,none,susceptible,-,-,,,,,,,,,none,susceptible,-,-,,,,,none,susceptible,-,-,,,,
(No identifier given) - NP045A_NS5A,NP045A,6f,0.9538,,,1,592,0.9848,"K50KR, V57I, I59IV, S393A, G431A, G488S, I520T, F545L, E549G",DQ835760,not available,6f,0.9369,,,3,213,0.9668,"S58P, A62T, K78R, T83I, I101T, R107HR, K108KR",DQ835760,not available,,,,,,,,,,,,,,,,,,,not available,not licensed for subtype,not available,-,not available,not licensed for subtype,not available,-,not available,not licensed for subtype,not available,-,,,,,,,,,none,susceptible,-,-,not available,not licensed for subtype,not available,-,none,susceptible,-,-,,,,,,,,,none,susceptible,-,-,,,,,none,susceptible,-,-,,,,
(No identifier given) - NP044B_NS5A,NP044B,6f,0.9505,,,1,592,0.9848,"L36LM, V57I, V71IV, Q150H, S273T, S393A, G488S, I520IT, E549EG",DQ835760,not available,6f,0.9038,,,3,213,0.9242,"A25AS, A28AT, I52IV, S58P, A62T, K78R, T79MT, T83IT, K108KR, H124HQ, N127NY, A164AT, D171E, T174Q, S176T, I183AITV",DQ835760,not available,,,,,,,,,,,,,,,,,,,not available,not licensed for subtype,not available,-,not available,not licensed for subtype,not available,-,not available,not licensed for subtype,not available,-,,,,,,,,,none,susceptible,-,-,not available,not licensed for subtype,not available,-,none,susceptible,-,-,,,,,,,,,none,susceptible,-,-,,,,,none,susceptible,-,-,,,,
(No identifier given) - NP044A_NS5A,NP044A,6f,0.9342,,,213,592,0.95,"S273T, T330A, S393A, G488S, F545L, E549G, A580L, V581L, G582P, V583A, G584R, I585*, F586T, L587FS, L588G, P589T, A590G, R591F, *592V",DQ835760,not available,6f,0.9186,,,3,213,0.9289,"L5S, R6I, A25S, A28T, S58P, A62T, V75I, K78R, T83I, K108R, I130V, A164T, S176T, T213A",DQ835760,not available,,,,,,,,,,,,,,,,,,,not available,not licensed for subtype,not available,-,not available,not licensed for subtype,not available,-,not available,not licensed for subtype,not available,-,,,,,,,,,none,susceptible,-,-,not available,not licensed for subtype,not available,-,none,susceptible,-,-,,,,,,,,,none,susceptible,-,-,,,,,none,susceptible,-,-,,,,
(No identifier given) - NP040B_NS5A,NP040B,6f,0.9493,,,1,592,0.978,"L26F, I59V, V71I, A73T, T85I, P149S, L184S, K211R, L285F, S393A, G488S, F545L, E549G",DQ835760,not available,6f,0.9353,,,3,213,0.9668,"S58P, A62V, V75I, K78R, T93S, I101T, K108R",DQ835760,"not available,",,,,,,,,,,,,,,,,,,,not available,not licensed for subtype,not available,-,not available,not licensed for subtype,not available,-,not available,not licensed for subtype,not available,-,,,,,,,,,93S,substitution on scored position,-,-,not available,not licensed for subtype,not available,-,none,susceptible,-,-,,,,,,,,,none,susceptible,-,-,,,,,93S,substitution on scored position,-,-,,,,
(No identifier given) - NP040A_NS5A,NP040A,6f,0.9499,,,1,592,0.9797,"V71I, A73T, T85I, D148N, P149S, L184S, K211R, L285F, S393A, G488S, F545L, E549G",DQ835760,not available,6f,0.9369,,,3,213,0.9573,"S58P, A62V, V75I, K78R, T83I, T93S, I101T, K108R, I156IV",DQ835760,"not available,",,,,,,,,,,,,,,,,,,,not available,not licensed for subtype,not available,-,not available,not licensed for subtype,not available,-,not available,not licensed for subtype,not available,-,,,,,,,,,93S,substitution on scored position,-,-,not available,not licensed for subtype,not available,-,none,susceptible,-,-,,,,,,,,,none,susceptible,-,-,,,,,93S,substitution on scored position,-,-,,,,
(No identifier given) - NP039B_NS5A,NP039B,6f,0.9499,,,1,592,0.9865,"I59V, H63HY, V71I, A73T, P149S, T235V, S393A, G488S",DQ835760,not available,6f,0.9306,,,3,213,0.9621,"A25S, A28T, S58P, A62T, V75I, K78R, T93S, I101V",DQ835760,"not available,",,,,,,,,,,,,,,,,,,,not available,not licensed for subtype,not available,-,not available,not licensed for subtype,not available,-,not available,not licensed for subtype,not available,-,,,,,,,,,93S,substitution on scored position,-,-,not available,not licensed for subtype,not available,-,none,susceptible,-,-,,,,,,,,,none,susceptible,-,-,,,,,93S,substitution on scored position,-,-,,,,
(No identifier given) - NP039A_NS5A,NP039A,6f,0.9454,,,1,592,0.9831,"V57I, I59V, V71I, A73T, P149S, V228IV, T235V, S393A, G488S, I520IV",DQ835760,not available,6f,0.929,,,3,213,0.9526,"A25S, A28T, I52IL, S58P, A62T, V75I, K78R, T93S, I101V, K108R",DQ835760,"not available,",,,,,,,,,,,,,,,,,,,not available,not licensed for subtype,not available,-,not available,not licensed for subtype,not available,-,not available,not licensed for subtype,not available,-,,,,,,,,,93S,substitution on scored position,-,-,not available,not licensed for subtype,not available,-,none,susceptible,-,-,,,,,,,,,none,susceptible,-,-,,,,,93S,substitution on scored position,-,-,,,,
(No identifier given) - NP035B_NS5A,NP035B,6f,0.9465,,,213,592,0.9893,"T235M, S393A, G488S, V581ADEGV, G582-, V583-, G584-, I585-, F586-",DQ835760,not available,6f,0.9232,,,3,213,0.9384,"L5S, R6I, S58P, A62T, K78R, S103A, K108R, N127Y, I130V, A164T, Y175F, I183T",DQ835760,not available,,,,,,,,,,,,,,,,,,,not available,not licensed for subtype,not available,-,not available,not licensed for subtype,not available,-,not available,not licensed for subtype,not available,-,,,,,,,,,none,susceptible,-,-,not available,not licensed for subtype,not available,-,none,susceptible,-,-,,,,,,,,,none,susceptible,-,-,,,,,none,susceptible,-,-,,,,
(No identifier given) - NP035A_NS5A,NP035A,6f,0.955,,,1,592,0.9848,"L10V, A15V, L36M, L68V, I116V, E124K, T235M, S393A, G488S",DQ835760,not available,6f,0.934,,,7,213,0.9517,"S58P, A62T, K78R, S103A, K108R, N127Y, I130V, A164T, Y175F, I183T",DQ835760,not available,,,,,,,,,,,,,,,,,,,not available,not licensed for subtype,not available,-,not available,not licensed for subtype,not available,-,not available,not licensed for subtype,not available,-,,,,,,,,,none,susceptible,-,-,not available,not licensed for subtype,not available,-,none,susceptible,-,-,,,,,,,,,none,susceptible,-,-,,,,,none,susceptible,-,-,,,,
(No identifier given) - NP033B_NS5A,NP033B,6f,0.9617,,,1,592,0.9865,"V57I, V71I, E202D, S334N, S393A, G488S, F545L, E549G",DQ835760,not available,6f,0.9201,,,1,213,0.9671,"A62T, K78R, T79M, T83V, R107HR, I156V, A207S",DQ835760,not available,,,,,,,,,,,,,,,,,,,not available,not licensed for subtype,not available,-,not available,not licensed for subtype,not available,-,not available,not licensed for subtype,not available,-,,,,,,,,,none,susceptible,-,-,not available,not licensed for subtype,not available,-,none,susceptible,-,-,,,,,,,,,none,susceptible,-,-,,,,,none,susceptible,-,-,,,,
(No identifier given) - NP033A_NS5A,NP033A,6f,0.96,,,1,592,0.9865,"V57I, V71I, E202D, S334N, S393A, G488S, F545L, E549G",DQ835760,not available,6f,0.9164,,,2,213,0.9623,"S30T, A62T, K78R, T79M, T83V, R107H, I156V, A207S",DQ835760,not available,,,,,,,,,,,,,,,,,,,not available,not licensed for subtype,not available,-,not available,not licensed for subtype,not available,-,not available,not licensed for subtype,not available,-,,,,,,,,,none,susceptible,-,-,not available,not licensed for subtype,not available,-,none,susceptible,-,-,,,,,,,,,none,susceptible,-,-,,,,,none,susceptible,-,-,,,,
(No identifier given) - NP032B_NS5A,NP032B,6f,0.9488,,,1,592,0.9831,"V57I, I59IMV, R180C, L184Q, S393A, G431AG, G488S, F545FL, E549G, H562R",DQ835760,not available,6f,0.8975,,,2,213,0.9292,"A28AT, L37FL, I52IV, S58P, A62G, K78R, T83IT, I101T, R107HR, H124HR, I130IV, A132G, V153L, I156V, Y161FY",DQ835760,not available,,,,,,,,,,,,,,,,,,,not available,not licensed for subtype,not available,-,not available,not licensed for subtype,not available,-,not available,not licensed for subtype,not available,-,,,,,,,,,none,susceptible,-,-,not available,not licensed for subtype,not available,-,none,susceptible,-,-,,,,,,,,,none,susceptible,-,-,,,,,none,susceptible,-,-,,,,
(No identifier given) - NP032A_NS5A,NP032A,6f,0.9589,,,1,592,0.9831,"V57I, I59V, A73G, R180C, L184Q, L297I, S393A, G488S, E549G, H562R",DQ835760,not available,6f,0.9263,,,1,213,0.9624,"S58P, A62G, K78R, I101T, A132G, V153L, I156V, Y161F",DQ835760,not available,,,,,,,,,,,,,,,,,,,not available,not licensed for subtype,not available,-,not available,not licensed for subtype,not available,-,not available,not licensed for subtype,not available,-,,,,,,,,,none,susceptible,-,-,not available,not licensed for subtype,not available,-,none,susceptible,-,-,,,,,,,,,none,susceptible,-,-,,,,,none,susceptible,-,-,,,,
(No identifier given) - NP031B_NS5A,NP031B,6f,0.9476,,,1,592,0.9916,"V57I, F193FS, E202D, V322I, G488S",DQ835760,not available,6f,0.9357,,,1,213,0.9718,"S58P, A62T, K78R, T93S, A164T, A197T",DQ835760,"not available,",,,,,,,,,,,,,,,,,,,not available,not licensed for subtype,not available,-,not available,not licensed for subtype,not available,-,not available,not licensed for subtype,not available,-,,,,,,,,,93S,substitution on scored position,-,-,not available,not licensed for subtype,not available,-,none,susceptible,-,-,,,,,,,,,none,susceptible,-,-,,,,,93S,substitution on scored position,-,-,,,,
(No identifier given) - NP031A_NS5A,NP031A,6f,0.9527,,,1,592,0.9882,"S46P, V57I, E202D, T330A, R386GR, G431A, T438A",DQ835760,not available,6f,0.9373,,,1,213,0.9718,"S58P, A62T, K78R, T93S, A164T, A197T",DQ835760,"not available,",,,,,,,,,,,,,,,,,,,not available,not licensed for subtype,not available,-,not available,not licensed for subtype,not available,-,not available,not licensed for subtype,not available,-,,,,,,,,,93S,substitution on scored position,-,-,not available,not licensed for subtype,not available,-,none,susceptible,-,-,,,,,,,,,none,susceptible,-,-,,,,,93S,substitution on scored position,-,-,,,,
(No identifier given) - NP030B_NS5A,NP030B,6f,0.9493,,,1,592,0.9831,"S42T, I59V, P149L, S393A, M414IM, G431AG, G488CG, F545FL, E549EG, Q566QR",DQ835760,not available,6f,0.9342,,,2,213,0.9623,"T46E, S58P, T64A, V75I, K78R, T83I, K108R, A164T",DQ835760,not available,,,,,,,,,,,,,,,,,,,not available,not licensed for subtype,not available,-,not available,not licensed for subtype,not available,-,not available,not licensed for subtype,not available,-,,,,,,,,,none,susceptible,-,-,not available,not licensed for subtype,not available,-,none,susceptible,-,-,,,,,,,,,none,susceptible,-,-,,,,,none,susceptible,-,-,,,,
(No identifier given) - NP030A_NS5A,NP030A,6f,0.9521,,,1,592,0.9882,"D148N, E202D, A210S, S393A, G431A, G488C, A553S",DQ835760,not available,6f,0.9448,,,3,213,0.9668,"S58P, A62V, V75I, K78R, K108R, N127Y, I183T",DQ835760,not available,,,,,,,,,,,,,,,,,,,not available,not licensed for subtype,not available,-,not available,not licensed for subtype,not available,-,not available,not licensed for subtype,not available,-,,,,,,,,,none,susceptible,-,-,not available,not licensed for subtype,not available,-,none,susceptible,-,-,,,,,,,,,none,susceptible,-,-,,,,,none,susceptible,-,-,,,,
(No identifier given) - NP029B_NS5A,NP029B,6f,0.9516,,,1,592,0.9848,"I11IV, L36M, V57I, I59IV, V71IV, A110AT, S393A, G488S, I520T",DQ835760,not available,6f,0.9101,,,2,213,0.9528,"A28T, L37FL, T46E, S58P, A62AT, K78R, T83IV, T93ST, T95AGST, R107H",DQ835760,"not available,",,,,,,,,,,,,,,,,,,,not available,not licensed for subtype,not available,-,not available,not licensed for subtype,not available,-,not available,not licensed for subtype,not available,-,,,,,,,,,93S,substitution on scored position,-,-,not available,not licensed for subtype,not available,-,none,susceptible,-,-,,,,,,,,,none,susceptible,-,-,,,,,93S,substitution on scored position,-,-,,,,
(No identifier given) - NP029A_NS5A,NP029A,6f,0.9516,,,1,592,0.9831,"L36M, V57I, I59V, V71I, A110T, H111Y, S282CS, S393A, G488S, I520T",DQ835760,"not available,282C",6f,0.9357,,,1,213,0.9577,"A28T, L37F, T46E, S58P, K78R, T83I, T93S, T95S, R107H",DQ835760,"not available,",,,,,,,,,,,,,,,,,,,not available,not licensed for subtype,not available,-,not available,not licensed for subtype,not available,-,not available,not licensed for subtype,not available,-,,,,,,,,,93S,substitution on scored position,-,-,not available,not licensed for subtype,not available,-,none,susceptible,-,-,,,,,,,,,282C,substitution on scored position,-,-,,,,,93S,substitution on scored position,-,-,,,,
(No identifier given) - NP027B_NS5A,NP027B,6f,0.9414,,,1,592,0.9831,"L36LM, V57I, V71I, T235IT, D310DN, S393A, G488GS, I520IT, F545L, E549G",DQ835760,not available,6f,0.9259,,,2,213,0.967,"L37FL, S58P, A62T, K78R, T83I, R107HR, A164AT",DQ835760,not available,,,,,,,,,,,,,,,,,,,not available,not licensed for subtype,not available,-,not available,not licensed for subtype,not available,-,not available,not licensed for subtype,not available,-,,,,,,,,,none,susceptible,-,-,not available,not licensed for subtype,not available,-,none,susceptible,-,-,,,,,,,,,none,susceptible,-,-,,,,,none,susceptible,-,-,,,,
(No identifier given) - NP027A_NS5A,NP027A,6f,0.95,,,214,592,0.971,"T235I, S393A, F545L, E549G, F586W, L587D, L588W, P589V, A590C, R591T, *592V",DQ835760,not available,6f,0.9179,,,7,213,0.9614,"L37F, S58P, A62T, T64A, K78R, T83IV, R107H",DQ835760,not available,,,,,,,,,,,,,,,,,,,not available,not licensed for subtype,not available,-,not available,not licensed for subtype,not available,-,not available,not licensed for subtype,not available,-,,,,,,,,,none,susceptible,-,-,not available,not licensed for subtype,not available,-,none,susceptible,-,-,,,,,,,,,none,susceptible,-,-,,,,,none,susceptible,-,-,,,,
(No identifier given) - NP026B_NS5A,NP026B,6f,0.9488,,,1,592,0.9831,"V57IV, I59IV, P149AP, K151KR, S393A, M414LM, G431A, G488S, F545FL, E549EG",DQ835760,not available,6f,0.9101,,,3,213,0.9384,"A28AT, S58PS, K78KR, T79M, T83IT, I101IT, R107HR, G125GR, N127NS, I156V, Y175F, I184IL, A207AS",DQ835760,not available,,,,,,,,,,,,,,,,,,,not available,not licensed for subtype,not available,-,not available,not licensed for subtype,not available,-,not available,not licensed for subtype,not available,-,,,,,,,,,none,susceptible,-,-,not available,not licensed for subtype,not available,-,none,susceptible,-,-,,,,,,,,,none,susceptible,-,-,,,,,none,susceptible,-,-,,,,
(No identifier given) - NP026A_NS5A,NP026A,6f,0.9566,,,1,592,0.9882,"I59V, A94V, P149A, T340MT, S393A, G431A, G488S",DQ835760,not available,6f,0.9218,,,3,213,0.9573,"K78R, T79M, R107H, G125R, N127S, I156V, A164T, Y175F, A207S",DQ835760,not available,,,,,,,,,,,,,,,,,,,not available,not licensed for subtype,not available,-,not available,not licensed for subtype,not available,-,not available,not licensed for subtype,not available,-,,,,,,,,,none,susceptible,-,-,not available,not licensed for subtype,not available,-,none,susceptible,-,-,,,,,,,,,none,susceptible,-,-,,,,,none,susceptible,-,-,,,,
(No identifier given) - LS050B_NS5A,LS050B,6f,0.9651,,,1,592,0.9932,"V57I, R250K, S393A, G488S",DQ835760,not available,6f,0.9401,,,3,213,0.9479,"A28T, I52V, S58P, A62AT, V75I, K78R, T83I, R107HR, A164T, L169I, A207S",DQ835760,not available,,,,,,,,,,,,,,,,,,,not available,not licensed for subtype,not available,-,not available,not licensed for subtype,not available,-,not available,not licensed for subtype,not available,-,,,,,,,,,none,susceptible,-,-,not available,not licensed for subtype,not available,-,none,susceptible,-,-,,,,,,,,,none,susceptible,-,-,,,,,none,susceptible,-,-,,,,
(No identifier given) - LS050A_NS5A,LS050A,6f,0.9583,,,1,592,0.9899,"V57I, I59V, E248V, R250K, S393A, G488S",DQ835760,not available,6f,0.9242,,,3,213,0.9479,"A28T, I52V, S58P, V75I, K78R, T79M, T83V, R107H, A164T, L169I, A207S",DQ835760,not available,,,,,,,,,,,,,,,,,,,not available,not licensed for subtype,not available,-,not available,not licensed for subtype,not available,-,not available,not licensed for subtype,not available,-,,,,,,,,,none,susceptible,-,-,not available,not licensed for subtype,not available,-,none,susceptible,-,-,,,,,,,,,none,susceptible,-,-,,,,,none,susceptible,-,-,,,,
(No identifier given) - LS038B_NS5A,LS038B,6f,0.9527,,,1,592,0.978,"V57I, V71I, E202D, K211R, T330A, V389I, M414L, G431A, G476S, A487G, G488S, I520T, F545L",DQ835760,not available,6f,0.9243,,,3,213,0.9384,"T56M, S58P, A62T, T64V, V75I, K78R, T95S, K108R, I130V, V131MV, I156V, A164P, I183V",DQ835760,not available,,,,,,,,,,,,,,,,,,,not available,not licensed for subtype,not available,-,not available,not licensed for subtype,not available,-,not available,not licensed for subtype,not available,-,,,,,,,,,none,susceptible,-,-,not available,not licensed for subtype,not available,-,none,susceptible,-,-,,,,,,,,,none,susceptible,-,-,,,,,none,susceptible,-,-,,,,
(No identifier given) - LS038A_NS5A,LS038A,6f,0.9572,,,1,592,0.9831,"V57I, V71I, E202D, K211R, T330A, S393A, Q461R, F545L, E549G, L578P",DQ835760,not available,6f,0.9259,,,3,213,0.9384,"T56M, S58P, A62T, T64V, V75I, K78R, T95S, I101V, K108R, I130V, I156IV, A164P, I183V",DQ835760,not available,,,,,,,,,,,,,,,,,,,not available,not licensed for subtype,not available,-,not available,not licensed for subtype,not available,-,not available,not licensed for subtype,not available,-,,,,,,,,,none,susceptible,-,-,not available,not licensed for subtype,not available,-,none,susceptible,-,-,,,,,,,,,none,susceptible,-,-,,,,,none,susceptible,-,-,,,,
(No identifier given) - LS033B_NS5A,LS033B,6f,0.9578,,,1,592,0.9899,"Y162F, G166S, F267V, S393A, G488S, F545L",DQ835760,not available,6f,0.9322,,,2,213,0.9575,"A62T, V75I, K78R, T83I, I101T, R107H, G125R, I156V, L169I",DQ835760,not available,,,,,,,,,,,,,,,,,,,not available,not licensed for subtype,not available,-,not available,not licensed for subtype,not available,-,not available,not licensed for subtype,not available,-,,,,,,,,,none,susceptible,-,-,not available,not licensed for subtype,not available,-,none,susceptible,-,-,,,,,,,,,none,susceptible,-,-,,,,,none,susceptible,-,-,,,,
(No identifier given) - LS033A_NS5A,LS033A,6f,0.9521,,,1,592,0.9899,"Y162FY, G166GS, F267V, S393A, G488S, F545L",DQ835760,not available,6f,0.9243,,,3,213,0.9573,"A62AT, V75IV, K78R, T83IT, I101IT, R107H, G125R, I156V, L169I",DQ835760,not available,,,,,,,,,,,,,,,,,,,not available,not licensed for subtype,not available,-,not available,not licensed for subtype,not available,-,not available,not licensed for subtype,not available,-,,,,,,,,,none,susceptible,-,-,not available,not licensed for subtype,not available,-,none,susceptible,-,-,,,,,,,,,none,susceptible,-,-,,,,,none,susceptible,-,-,,,,
(No identifier given) - LS032B_NS5A,LS032B,6f,0.9471,,,1,592,0.9865,"L36M, S79N, F267V, Y311FY, S393A, G431AG, F545L, E549EG",DQ835760,not available,6f,0.9259,,,3,213,0.9526,"V12I, A28T, T46I, I52V, S58P, A62T, K78R, T83I, N127S, I156V",DQ835760,not available,,,,,,,,,,,,,,,,,,,not available,not licensed for subtype,not available,-,not available,not licensed for subtype,not available,-,not available,not licensed for subtype,not available,-,,,,,,,,,none,susceptible,-,-,not available,not licensed for subtype,not available,-,none,susceptible,-,-,,,,,,,,,none,susceptible,-,-,,,,,none,susceptible,-,-,,,,
(No identifier given) - LS032A_NS5A,LS032A,6f,0.9533,,,1,592,0.9865,"L36M, S79N, A94V, E248V, F267V, S393A, F545L, E549G",DQ835760,not available,6f,0.9259,,,3,213,0.9526,"V12I, A28T, T46I, I52V, S58P, A62T, K78R, T83I, N127S, I156V",DQ835760,not available,,,,,,,,,,,,,,,,,,,not available,not licensed for subtype,not available,-,not available,not licensed for subtype,not available,-,not available,not licensed for subtype,not available,-,,,,,,,,,none,susceptible,-,-,not available,not licensed for subtype,not available,-,none,susceptible,-,-,,,,,,,,,none,susceptible,-,-,,,,,none,susceptible,-,-,,,,
(No identifier given) - LS031B_NS5A,LS031B,6f,0.9437,,,1,592,0.9814,"L36LM, V57I, V71I, S79NS, P149PS, E353DE, N376HN, S393A, M426L, G488S, F545FL",DQ835760,not available,6f,0.9274,,,3,213,0.9479,"S58P, A62ST, T64A, V75IV, K78R, R107H, A164AT, L169IL, D171DE, E172D, T213AT",DQ835760,not available,,,,,,,,,,,,,,,,,,,not available,not licensed for subtype,not available,-,not available,not licensed for subtype,not available,-,not available,not licensed for subtype,not available,-,,,,,,,,,none,susceptible,-,-,not available,not licensed for subtype,not available,-,none,susceptible,-,-,,,,,,,,,none,susceptible,-,-,,,,,none,susceptible,-,-,,,,
(No identifier given) - LS031A_NS5A,LS031A,6f,0.9488,,,1,592,0.9831,"L36M, V57I, I59V, E202D, E353DE, N376HN, S393A, M426L, G488S, F545FL",DQ835760,not available,6f,0.9242,,,3,213,0.9479,"L37F, S58P, A62S, T64A, V75T, K78R, T83I, T87AT, R157GR, D171E, T213A",DQ835760,not available,,,,,,,,,,,,,,,,,,,not available,not licensed for subtype,not available,-,not available,not licensed for subtype,not available,-,not available,not licensed for subtype,not available,-,,,,,,,,,none,susceptible,-,-,not available,not licensed for subtype,not available,-,none,susceptible,-,-,,,,,,,,,none,susceptible,-,-,,,,,none,susceptible,-,-,,,,
(No identifier given) - LS020B_NS5A,LS020B,6f,0.9516,,,1,592,0.978,"L36M, V57I, I59V, R180C, R234H, N257T, E353D, S393A, L425M, M426L, G488S, F545L, E549G",DQ835760,not available,6f,0.929,,,3,213,0.9526,"I52V, S58P, A62T, T64A, V75I, K78R, K108R, V122E, V153L, L169I",DQ835760,not available,,,,,,,,,,,,,,,,,,,not available,not licensed for subtype,not available,-,not available,not licensed for subtype,not available,-,not available,not licensed for subtype,not available,-,,,,,,,,,none,susceptible,-,-,not available,not licensed for subtype,not available,-,none,susceptible,-,-,,,,,,,,,none,susceptible,-,-,,,,,none,susceptible,-,-,,,,
(No identifier given) - LS020A_NS5A,LS020A,6f,0.9488,,,1,592,0.9764,"I11V, L36M, V57I, A94AT, R180C, R234H, N257T, E353D, S393A, L425M, M426L, G488S, F545L, E549G",DQ835760,not available,6f,0.9132,,,3,213,0.9384,"I52V, S58P, A62NT, T64A, V75I, K78R, K108R, V122E, H124R, V153L, A164T, L169I, A207V",DQ835760,not available,,,,,,,,,,,,,,,,,,,not available,not licensed for subtype,not available,-,not available,not licensed for subtype,not available,-,not available,not licensed for subtype,not available,-,,,,,,,,,none,susceptible,-,-,not available,not licensed for subtype,not available,-,none,susceptible,-,-,,,,,,,,,none,susceptible,-,-,,,,,none,susceptible,-,-,,,,
(No identifier given) - LS019B_NS5A,LS019B,6f,0.9521,,,1,592,0.9848,"L36V, V57T, E248V, N271G, Y296F, S393A, G488S, F545L, E549G",DQ835760,not available,6f,0.9211,,,7,213,0.9372,"A28T, S58P, A62S, K78R, T83IT, T93S, I101S, R107HR, K108R, I130V, V153L, I156V, I183V",DQ835760,"not available,",,,,,,,,,,,,,,,,,,,not available,not licensed for subtype,not available,-,not available,not licensed for subtype,not available,-,not available,not licensed for subtype,not available,-,,,,,,,,,93S,substitution on scored position,-,-,not available,not licensed for subtype,not available,-,none,susceptible,-,-,,,,,,,,,none,susceptible,-,-,,,,,93S,substitution on scored position,-,-,,,,
(No identifier given) - LS019A_NS5A,LS019A,6f,0.9521,,,1,592,0.9848,"L36V, V57T, E248V, N271G, Y296F, S393A, G488S, F545L, E549G",DQ835760,not available,6f,0.9227,,,7,213,0.9469,"A28T, S58P, A62S, K78R, T93S, I101S, K108R, I130V, V153L, I156V, I183V",DQ835760,"not available,",,,,,,,,,,,,,,,,,,,not available,not licensed for subtype,not available,-,not available,not licensed for subtype,not available,-,not available,not licensed for subtype,not available,-,,,,,,,,,93S,substitution on scored position,-,-,not available,not licensed for subtype,not available,-,none,susceptible,-,-,,,,,,,,,none,susceptible,-,-,,,,,93S,substitution on scored position,-,-,,,,
(No identifier given) - LS007B_NS5A,LS007B,6f,0.955,,,1,592,0.9848,"V57I, I59V, V71I, D148N, V389AITV, S393A, G488S, F545L, E549G",DQ835760,not available,6f,0.9353,,,3,213,0.9526,"V12I, A28S, S58P, A62T, K78R, T83I, R107HR, I130IV, I156V, T213A",DQ835760,not available,,,,,,,,,,,,,,,,,,,not available,not licensed for subtype,not available,-,not available,not licensed for subtype,not available,-,not available,not licensed for subtype,not available,-,,,,,,,,,none,susceptible,-,-,not available,not licensed for subtype,not available,-,none,susceptible,-,-,,,,,,,,,none,susceptible,-,-,,,,,none,susceptible,-,-,,,,
(No identifier given) - LS007A_NS5A,LS007A,6f,0.955,,,1,592,0.9848,"V57IV, I59V, V71I, D148N, V389T, S393A, G488S, F545L, E549G",DQ835760,not available,6f,0.9353,,,3,213,0.9668,"V12I, A28S, S58P, A62T, K78R, I156V, T213A",DQ835760,not available,,,,,,,,,,,,,,,,,,,not available,not licensed for subtype,not available,-,not available,not licensed for subtype,not available,-,not available,not licensed for subtype,not available,-,,,,,,,,,none,susceptible,-,-,not available,not licensed for subtype,not available,-,none,susceptible,-,-,,,,,,,,,none,susceptible,-,-,,,,,none,susceptible,-,-,,,,
(No identifier given) - LS003B_NS5A,LS003B,6f,0.9527,,,1,592,0.9848,"I11V, L36LM, I59V, V71IV, E202D, T330ST, S393A, G431A, G488S",DQ835760,not available,6f,0.929,,,3,213,0.981,"A28T, S58P, T83I, I156V",DQ835760,not available,,,,,,,,,,,,,,,,,,,not available,not licensed for subtype,not available,-,not available,not licensed for subtype,not available,-,not available,not licensed for subtype,not available,-,,,,,,,,,none,susceptible,-,-,not available,not licensed for subtype,not available,-,none,susceptible,-,-,,,,,,,,,none,susceptible,-,-,,,,,none,susceptible,-,-,,,,
(No identifier given) - LS003A_NS5A,LS003A,6f,0.9505,,,1,592,0.9831,"I11V, L36M, I59V, E202D, D246DH, T330ST, V389AITV, S393A, G431AG, G488S",DQ835760,not available,6f,0.9306,,,3,213,0.9621,"A28T, S58P, A62T, K78R, T83I, T93S, R107H, I156V",DQ835760,"not available,",,,,,,,,,,,,,,,,,,,not available,not licensed for subtype,not available,-,not available,not licensed for subtype,not available,-,not available,not licensed for subtype,not available,-,,,,,,,,,93S,substitution on scored position,-,-,not available,not licensed for subtype,not available,-,none,susceptible,-,-,,,,,,,,,none,susceptible,-,-,,,,,93S,substitution on scored position,-,-,,,,
(No identifier given) - LK016B_NS5A,LK016B,6f,0.9527,,,1,592,0.9848,"I31V, V57I, I59M, A73T, L184V, S393A, G431A, G488S, I520V",DQ835760,not available,6f,0.9038,,,3,213,0.9384,"S58P, A62T, K78R, T83V, I90V, N127Y, I130V, A132G, I156V, L158V, A164V, L169I, I183T",DQ835760,not available,,,,,,,,,,,,,,,,,,,not available,not licensed for subtype,not available,-,not available,not licensed for subtype,not available,-,not available,not licensed for subtype,not available,-,,,,,,,,,none,susceptible,-,-,not available,not licensed for subtype,not available,-,none,susceptible,-,-,,,,,,,,,none,susceptible,-,-,,,,,none,susceptible,-,-,,,,
(No identifier given) - LK016A_NS5A,LK016A,6f,0.9443,,,1,592,0.978,"I31IV, V57I, I59IM, V71I, A73AT, A94AV, L127ILV, D148DN, L184V, S393A, G431A, G488S, I520V",DQ835760,not available,6f,0.8649,,,5,213,0.9282,"S58P, A62T, K78R, T83AITV, I90IV, R107HR, D126DGNS, N127NY, I130V, A132AG, I156IV, L158LV, Y175FY, I183IT, T213AT",DQ835760,not available,,,,,,,,,,,,,,,,,,,not available,not licensed for subtype,not available,-,not available,not licensed for subtype,not available,-,not available,not licensed for subtype,not available,-,,,,,,,,,none,susceptible,-,-,not available,not licensed for subtype,not available,-,none,susceptible,-,-,,,,,,,,,none,susceptible,-,-,,,,,none,susceptible,-,-,,,,
(No identifier given) - LK013B_NS5A,LK013B,6f,0.9527,,,1,592,0.9865,"I59IV, K69KT, P149S, E202D, V389T, G488S, F545L, E549G",DQ835760,not available,6f,0.9306,,,3,213,0.9526,"T21A, A25AS, L37F, S58P, A62AS, T64A, K78R, K108R, N127S, A164AP",DQ835760,not available,,,,,,,,,,,,,,,,,,,not available,not licensed for subtype,not available,-,not available,not licensed for subtype,not available,-,not available,not licensed for subtype,not available,-,,,,,,,,,none,susceptible,-,-,not available,not licensed for subtype,not available,-,none,susceptible,-,-,,,,,,,,,none,susceptible,-,-,,,,,none,susceptible,-,-,,,,
(No identifier given) - LK013A_NS5A,LK013A,6f,0.9578,,,1,592,0.9882,"S44T, K69T, S273A, S282CST, V389T, G488S, E549G",DQ835760,"not available,282T,282C",6f,0.9258,,,3,213,0.9621,"T21A, L37F, S58P, A62S, T64A, K78R, K108R, N127S",DQ835760,not available,,,,,,,,,,,,,,,,,,,not available,not licensed for subtype,not available,-,not available,not licensed for subtype,not available,-,not available,not licensed for subtype,not available,-,,,,,,,,,none,susceptible,-,-,not available,not licensed for subtype,not available,-,none,susceptible,-,-,,,,,,,,,"282T,282C",reduced susceptibility,not available,CR,,,,,none,susceptible,-,-,,,,
(No identifier given) - LK008B_NS5A,LK008B,6f,0.9538,,,1,592,0.9831,"V57I, I59IV, Q150HQ, E202DE, S334D, S393A, K441N, G488S, F545L, E549G",DQ835760,not available,6f,0.9368,,,3,213,0.9668,"S58P, A62T, V75I, K78R, T79MT, T83I, I101T",DQ835760,not available,,,,,,,,,,,,,,,,,,,not available,not licensed for subtype,not available,-,not available,not licensed for subtype,not available,-,not available,not licensed for subtype,not available,-,,,,,,,,,none,susceptible,-,-,not available,not licensed for subtype,not available,-,none,susceptible,-,-,,,,,,,,,none,susceptible,-,-,,,,,none,susceptible,-,-,,,,
