patient,position,baseline_pct,failure_pct,delta_pp,lineage_aa,crossed_threshold,lost
LK008,NS5A-24,99.2,99.3,0.1,K,False,False
LK013,NS5A-24,99.7,99.4,-0.3,K,False,False
LK016,NS5A-24,100.0,100.0,0.0,K,False,False
LS003,NS5A-24,99.6,99.6,0.0,K,False,False
LS007,NS5A-24,99.9,99.7,-0.2,K,False,False
LS019,NS5A-24,99.5,99.8,0.3,K,False,False
LS020,NS5A-24,99.8,99.3,-0.5,K,False,False
LS031,NS5A-24,99.1,99.6,0.5,K,False,False
LS032,NS5A-24,99.3,99.8,0.5,K,False,False
LS033,NS5A-24,99.5,99.7,0.2,K,False,False
LS038,NS5A-24,100.0,99.3,-0.7,K,False,False
LS050,NS5A-24,99.5,99.3,-0.2,K,False,False
NP026,NS5A-24,99.7,99.3,-0.4,K,False,False
NP027,NS5A-24,99.4,99.8,0.4,K,False,False
NP029,NS5A-24,99.7,99.5,-0.2,K,False,False
NP030,NS5A-24,99.8,99.7,-0.1,K,False,False
NP031,NS5A-24,99.4,99.7,0.3,K,False,False
NP032,NS5A-24,99.6,99.5,-0.1,K,False,False
NP033,NS5A-24,99.8,99.7,-0.1,K,False,False
NP035,NS5A-24,99.9,99.8,-0.1,K,False,False
NP039,NS5A-24,99.6,99.7,0.1,K,False,False
NP040,NS5A-24,99.6,99.5,-0.1,K,False,False
NP044,NS5A-24,99.8,99.6,-0.2,K,False,False
NP045,NS5A-24,99.7,99.8,0.1,K,False,False
PB026,NS5A-24,99.7,99.6,-0.1,K,False,False
PB027,NS5A-24,99.8,99.9,0.1,K,False,False
PB029,NS5A-24,99.6,99.3,-0.3,K,False,False
PB031,NS5A-24,99.9,99.7,-0.2,K,False,False
ST003,NS5A-24,99.6,99.9,0.3,K,False,False
LK008,NS5A-28,100.0,99.9,-0.1,A,False,False
LK013,NS5A-28,99.8,99.8,0.0,A,False,False
LK016,NS5A-28,100.0,100.0,0.0,A,False,False
LS003,NS5A-28,100.0,100.0,0.0,A,False,False
LS007,NS5A-28,99.8,99.6,-0.2,A,False,False
LS019,NS5A-28,99.9,100.1,0.2,A,False,False
LS020,NS5A-28,99.9,99.7,-0.2,A,False,False
LS031,NS5A-28,99.9,100.0,0.1,A,False,False
LS032,NS5A-28,100.0,99.5,-0.5,A,False,False
LS033,NS5A-28,100.0,100.0,0.0,A,False,False
LS038,NS5A-28,99.7,100.0,0.3,A,False,False
LS050,NS5A-28,100.0,99.8,-0.2,A,False,False
NP026,NS5A-28,99.9,99.9,0.0,A,False,False
NP027,NS5A-28,99.9,99.9,-0.0,A,False,False
NP029,NS5A-28,100.0,99.9,-0.1,A,False,False
NP030,NS5A-28,99.8,99.9,0.1,A,False,False
NP031,NS5A-28,99.9,99.9,0.0,A,False,False
NP032,NS5A-28,99.9,99.9,0.0,A,False,False
NP033,NS5A-28,99.9,99.9,-0.0,A,False,False
NP035,NS5A-28,100.0,99.8,-0.2,A,False,False
NP039,NS5A-28,99.9,99.7,-0.2,A,False,False
NP040,NS5A-28,99.9,100.0,0.1,A,False,False
NP044,NS5A-28,100.0,99.9,-0.1,A,False,False
NP045,NS5A-28,99.8,99.8,0.0,A,False,False
PB026,NS5A-28,99.8,99.7,-0.1,A,False,False
PB027,NS5A-28,99.9,99.7,-0.2,A,False,False
PB029,NS5A-28,99.9,99.8,-0.1,A,False,False
PB031,NS5A-28,99.8,100.0,0.2,A,False,False
ST003,NS5A-28,99.5,99.9,0.4,A,False,False
LK008,NS5A-30,99.2,99.5,0.3,S,False,False
LK013,NS5A-30,99.0,99.6,0.6,S,False,False
LK016,NS5A-30,99.1,99.4,0.3,S,False,False
LS003,NS5A-30,99.5,99.5,0.0,S,False,False
LS007,NS5A-30,99.7,99.4,-0.3,S,False,False
LS019,NS5A-30,99.5,99.4,-0.1,S,False,False
LS020,NS5A-30,99.5,99.4,-0.1,S,False,False
LS031,NS5A-30,98.6,99.5,0.9,S,False,False
LS032,NS5A-30,99.3,99.4,0.1,S,False,False
LS033,NS5A-30,99.3,99.5,0.2,S,False,False
LS038,NS5A-30,99.5,99.4,-0.1,S,False,False
LS050,NS5A-30,99.2,99.2,0.0,S,False,False
NP026,NS5A-30,99.3,98.6,-0.7,S,False,False
NP027,NS5A-30,99.4,99.8,0.4,S,False,False
NP029,NS5A-30,99.6,99.0,-0.6,S,False,False
NP030,NS5A-30,99.0,99.0,0.0,S,False,False
NP031,NS5A-30,99.4,99.6,0.2,S,False,False
NP032,NS5A-30,99.3,99.1,-0.2,S,False,False
NP033,NS5A-30,89.9,15.8,-74.1,S,False,False
NP035,NS5A-30,99.4,99.2,-0.2,S,False,False
NP039,NS5A-30,99.4,99.4,0.0,S,False,False
NP040,NS5A-30,99.0,99.4,0.4,S,False,False
NP044,NS5A-30,99.3,99.2,-0.1,S,False,False
NP045,NS5A-30,99.1,99.4,0.3,S,False,False
PB026,NS5A-30,99.5,99.4,-0.1,S,False,False
PB027,NS5A-30,99.3,99.0,-0.3,S,False,False
PB029,NS5A-30,99.2,99.5,0.3,S,False,False
PB031,NS5A-30,99.5,98.9,-0.6,S,False,False
ST003,NS5A-30,99.0,99.2,0.2,S,False,False
LK008,NS5A-31,0.2,0.0,-0.2,L,False,False
LK013,NS5A-31,0.1,0.0,-0.1,L,False,False
LK016,NS5A-31,0.0,0.0,0.0,L,False,False
LS003,NS5A-31,0.1,0.0,-0.1,L,False,False
LS007,NS5A-31,5.5,0.0,-5.5,L,False,False
LS019,NS5A-31,0.2,0.2,0.0,L,False,False
LS020,NS5A-31,0.0,0.0,0.0,L,False,False
LS031,NS5A-31,0.0,0.0,0.0,L,False,False
LS032,NS5A-31,0.0,0.2,0.2,L,False,False
LS033,NS5A-31,0.0,0.0,0.0,L,False,False
LS038,NS5A-31,0.0,0.0,0.0,L,False,False
LS050,NS5A-31,0.0,0.0,0.0,L,False,False
NP026,NS5A-31,0.2,0.0,-0.2,L,False,False
NP027,NS5A-31,0.0,0.1,0.1,L,False,False
NP029,NS5A-31,0.2,0.0,-0.2,L,False,False
NP030,NS5A-31,0.0,0.0,0.0,L,False,False
NP031,NS5A-31,0.0,0.0,0.0,L,False,False
NP032,NS5A-31,0.0,0.0,0.0,L,False,False
NP033,NS5A-31,0.0,0.3,0.3,L,False,False
NP035,NS5A-31,0.0,0.0,0.0,L,False,False
NP039,NS5A-31,0.0,0.0,0.0,L,False,False
NP040,NS5A-31,0.0,0.0,0.0,L,False,False
NP044,NS5A-31,0.0,0.1,0.1,L,False,False
NP045,NS5A-31,0.0,0.0,0.0,L,False,False
PB026,NS5A-31,0.0,0.0,0.0,L,False,False
PB027,NS5A-31,0.1,0.0,-0.1,L,False,False
PB029,NS5A-31,0.6,0.0,-0.6,L,False,False
PB031,NS5A-31,0.0,0.0,0.0,L,False,False
ST003,NS5A-31,0.0,0.0,0.0,L,False,False
LK008,NS5A-58,99.6,99.8,0.2,P,False,False
LK013,NS5A-58,99.7,100.0,0.3,P,False,False
LK016,NS5A-58,99.9,100.0,0.1,P,False,False
LS003,NS5A-58,99.7,99.9,0.2,P,False,False
LS007,NS5A-58,99.8,99.6,-0.2,P,False,False
LS019,NS5A-58,99.7,99.9,0.2,P,False,False
LS020,NS5A-58,99.7,99.7,0.0,P,False,False
LS031,NS5A-58,99.8,99.5,-0.3,P,False,False
LS032,NS5A-58,99.9,99.7,-0.2,P,False,False
LS033,NS5A-58,99.7,99.9,0.2,P,False,False
LS038,NS5A-58,100.0,99.7,-0.3,P,False,False
LS050,NS5A-58,99.5,99.6,0.1,P,False,False
NP026,NS5A-58,99.8,99.6,-0.2,P,False,False
NP027,NS5A-58,99.7,99.7,0.0,P,False,False
NP029,NS5A-58,99.8,99.8,0.0,P,False,False
NP030,NS5A-58,99.9,99.8,-0.1,P,False,False
NP031,NS5A-58,99.9,99.9,-0.0,P,False,False
NP032,NS5A-58,99.9,99.9,0.0,P,False,False
NP033,NS5A-58,99.7,99.6,-0.1,P,False,False
NP035,NS5A-58,99.7,99.9,0.2,P,False,False
NP039,NS5A-58,99.9,96.5,-3.4,P,False,False
NP040,NS5A-58,99.7,99.8,0.1,P,False,False
NP044,NS5A-58,99.7,99.7,0.0,P,False,False
NP045,NS5A-58,99.8,99.8,0.0,P,False,False
PB026,NS5A-58,99.9,99.9,0.0,P,False,False
PB027,NS5A-58,99.8,99.9,0.1,P,False,False
PB029,NS5A-58,99.8,99.6,-0.2,P,False,False
PB031,NS5A-58,99.8,100.0,0.2,P,False,False
ST003,NS5A-58,99.8,99.6,-0.2,P,False,False
LK008,NS5A-92,0.0,0.8,0.8,A,False,False
LK013,NS5A-92,0.0,0.0,0.0,A,False,False
LK016,NS5A-92,0.0,0.0,0.0,A,False,False
LS003,NS5A-92,0.2,0.1,-0.1,A,False,False
LS007,NS5A-92,0.0,0.0,0.0,A,False,False
LS019,NS5A-92,0.0,0.0,0.0,A,False,False
LS020,NS5A-92,0.1,0.0,-0.1,A,False,False
LS031,NS5A-92,0.1,0.3,0.2,A,False,False
LS032,NS5A-92,0.0,0.0,0.0,A,False,False
LS033,NS5A-92,0.0,0.1,0.1,A,False,False
LS038,NS5A-92,0.1,0.0,-0.1,A,False,False
LS050,NS5A-92,0.0,1.0,1.0,A,False,False
NP026,NS5A-92,0.0,0.1,0.1,A,False,False
NP027,NS5A-92,0.0,0.0,0.0,A,False,False
NP029,NS5A-92,0.0,0.1,0.1,A,False,False
NP030,NS5A-92,0.0,0.1,0.1,A,False,False
NP031,NS5A-92,0.0,0.1,0.1,A,False,False
NP032,NS5A-92,0.1,0.0,-0.1,A,False,False
NP033,NS5A-92,0.0,0.0,0.0,A,False,False
NP035,NS5A-92,0.1,0.0,-0.1,A,False,False
NP039,NS5A-92,0.0,0.0,0.0,A,False,False
NP040,NS5A-92,0.0,0.0,0.0,A,False,False
NP044,NS5A-92,1.7,0.0,-1.7,A,False,False
NP045,NS5A-92,0.0,0.0,0.0,A,False,False
PB026,NS5A-92,0.5,0.2,-0.3,A,False,False
PB027,NS5A-92,0.2,0.0,-0.2,A,False,False
PB029,NS5A-92,0.0,0.1,0.1,A,False,False
PB031,NS5A-92,0.3,0.1,-0.2,A,False,False
ST003,NS5A-92,0.2,0.0,-0.2,A,False,False
LK008,NS5A-93,0.4,0.1,-0.3,T,False,False
LK013,NS5A-93,26.7,0.7,-26.0,T,False,True
LK016,NS5A-93,0.0,0.5,0.5,T,False,False
LS003,NS5A-93,3.3,84.8,81.5,T,True,False
LS007,NS5A-93,9.1,0.9,-8.2,T,False,False
LS019,NS5A-93,97.7,98.9,1.2,T,False,False
LS020,NS5A-93,0.2,0.0,-0.2,T,False,False
LS031,NS5A-93,0.1,0.2,0.1,T,False,False
LS032,NS5A-93,0.8,0.3,-0.5,T,False,False
LS033,NS5A-93,0.0,0.1,0.1,T,False,False
LS038,NS5A-93,0.3,0.0,-0.3,T,False,False
LS050,NS5A-93,0.2,0.0,-0.2,T,False,False
NP026,NS5A-93,0.6,0.3,-0.3,T,False,False
NP027,NS5A-93,12.1,0.1,-12.0,T,False,False
NP029,NS5A-93,45.3,99.7,54.4,T,False,False
NP030,NS5A-93,0.2,0.1,-0.1,T,False,False
NP031,NS5A-93,89.7,99.7,10.0,T,False,False
NP032,NS5A-93,3.9,13.2,9.3,T,False,False
NP033,NS5A-93,0.6,0.8,0.2,T,False,False
NP035,NS5A-93,5.3,0.1,-5.2,T,False,False
NP039,NS5A-93,97.1,97.5,0.4,T,False,False
NP040,NS5A-93,99.2,98.7,-0.5,T,False,False
NP044,NS5A-93,0.2,0.2,0.0,T,False,False
NP045,NS5A-93,0.2,0.2,0.0,T,False,False
PB026,NS5A-93,0.1,0.0,-0.1,T,False,False
PB027,NS5A-93,99.4,99.3,-0.1,T,False,False
PB029,NS5A-93,0.0,0.0,0.0,T,False,False
PB031,NS5A-93,0.1,0.2,0.1,T,False,False
ST003,NS5A-93,0.3,0.2,-0.1,T,False,False
