gene,codon,ref_aa,lineage_aa,n_specimens,lineage_aa_dominant_in,pct_specimens,other_residues,is_drug_target
NS5A,3,S,S,4,4,100.0,,False
NS5A,4,W,W,16,16,100.0,,False
NS5A,5,L,L,25,25,100.0,,False
NS5A,6,R,R,25,25,100.0,,False
NS5A,7,D,D,25,25,100.0,,False
NS5A,8,I,I,29,29,100.0,,False
NS5A,9,W,W,29,29,100.0,,False
NS5A,10,D,D,29,29,100.0,,False
NS5A,11,W,W,29,29,100.0,,False
NS5A,12,V,V,29,27,93.1,I in 2,False
NS5A,13,C,C,29,29,100.0,,False
NS5A,14,T,T,29,29,100.0,,False
NS5A,15,V,V,29,29,100.0,,False
NS5A,16,L,L,29,29,100.0,,False
NS5A,17,S,S,29,29,100.0,,False
NS5A,18,D,D,29,29,100.0,,False
NS5A,19,F,F,29,29,100.0,,False
NS5A,20,K,K,29,29,100.0,,False
NS5A,21,T,T,29,28,96.6,A in 1,False
NS5A,22,W,W,29,29,100.0,,False
NS5A,23,L,L,29,29,100.0,,False
NS5A,24,K,K,29,29,100.0,,True
NS5A,25,A,A,29,28,96.6,S in 1,False
NS5A,26,K,K,29,28,96.6,R in 1,False
NS5A,27,I,I,29,29,100.0,,False
NS5A,28,A,A,29,19,65.5,T in 8; S in 2,True
NS5A,29,P,P,29,29,100.0,,False
NS5A,30,S,S,29,29,100.0,,True
NS5A,31,L,L,29,29,100.0,,True
NS5A,32,P,P,29,29,100.0,,False
NS5A,33,G,G,29,29,100.0,,False
NS5A,34,I,I,29,29,100.0,,False
NS5A,35,P,P,29,29,100.0,,False
NS5A,36,F,F,29,29,100.0,,False
NS5A,37,L,L,29,26,89.7,F in 3,False
NS5A,38,S,S,29,29,100.0,,False
NS5A,39,C,C,29,29,100.0,,False
NS5A,40,Q,Q,29,29,100.0,,False
NS5A,41,R,R,29,29,100.0,,False
NS5A,42,G,G,29,29,100.0,,False
NS5A,43,Y,Y,29,29,100.0,,False
NS5A,44,R,R,29,29,100.0,,False
NS5A,45,G,G,29,29,100.0,,False
NS5A,46,T,T,29,26,89.7,E in 2; I in 1,False
NS5A,47,W,W,29,29,100.0,,False
NS5A,48,R,R,29,29,100.0,,False
NS5A,49,G,G,29,29,100.0,,False
NS5A,50,D,D,29,29,100.0,,False
NS5A,51,G,G,29,29,100.0,,False
NS5A,52,I,I,29,25,86.2,V in 4,False
NS5A,53,C,C,29,29,100.0,,False
NS5A,54,H,H,29,28,96.6,Y in 1,False
NS5A,55,T,T,29,29,100.0,,False
NS5A,56,T,T,29,28,96.6,M in 1,False
NS5A,57,C,C,29,29,100.0,,False
NS5A,58,S,P,29,27,93.1,S in 2,True
NS5A,59,C,C,29,29,100.0,,False
NS5A,60,G,G,29,29,100.0,,False
NS5A,61,A,A,29,29,100.0,,False
NS5A,62,A,T,29,14,48.3,A in 9; S in 2; V in 2; G in 1; N in 1,False
NS5A,63,I,I,29,29,100.0,,False
NS5A,64,T,T,29,23,79.3,A in 5; V in 1,False
NS5A,65,G,G,29,29,100.0,,False
NS5A,66,H,H,29,29,100.0,,False
NS5A,67,V,V,29,29,100.0,,False
NS5A,68,K,K,29,29,100.0,,False
NS5A,69,N,N,29,29,100.0,,False
NS5A,70,G,G,29,29,100.0,,False
NS5A,71,T,T,29,28,96.6,S in 1,False
NS5A,72,M,M,29,29,100.0,,False
NS5A,73,K,K,29,28,96.6,R in 1,False
NS5A,74,I,I,29,29,100.0,,False
NS5A,75,V,V,29,17,58.6,I in 11; M in 1,False
NS5A,76,G,G,29,29,100.0,,False
NS5A,77,P,P,29,29,100.0,,False
NS5A,78,K,R,29,27,93.1,K in 2,False
NS5A,79,T,T,29,26,89.7,M in 3,False
NS5A,80,C,C,29,29,100.0,,False
NS5A,81,S,S,29,29,100.0,,False
NS5A,82,N,N,29,29,100.0,,False
NS5A,83,T,I,29,15,51.7,T in 12; V in 2,False
NS5A,84,W,W,29,29,100.0,,False
NS5A,85,H,H,29,29,100.0,,False
NS5A,86,G,G,29,29,100.0,,False
NS5A,87,T,T,29,29,100.0,,False
NS5A,88,F,F,29,29,100.0,,False
NS5A,89,P,P,29,29,100.0,,False
NS5A,90,I,I,29,28,96.6,V in 1,False
NS5A,91,N,N,29,29,100.0,,False
NS5A,92,A,A,29,29,100.0,,True
NS5A,93,T,T,29,24,82.8,S in 5,True
NS5A,94,T,T,29,29,100.0,,False
NS5A,95,T,T,29,27,93.1,S in 2,False
NS5A,96,G,G,29,29,100.0,,False
NS5A,97,P,P,29,29,100.0,,False
NS5A,98,S,S,29,29,100.0,,False
NS5A,99,V,V,29,29,100.0,,False
NS5A,100,P,P,29,29,100.0,,False
NS5A,101,I,I,29,21,72.4,T in 6; S in 1; V in 1,False
NS5A,102,P,P,29,29,100.0,,False
NS5A,103,S,S,29,27,93.1,A in 1; P in 1,False
NS5A,104,P,P,29,29,100.0,,False
NS5A,105,N,N,29,29,100.0,,False
NS5A,106,Y,Y,29,29,100.0,,False
NS5A,107,R,R,29,19,65.5,H in 10,False
NS5A,108,K,K,29,19,65.5,R in 10,False
NS5A,109,A,A,29,29,100.0,,False
NS5A,110,L,L,29,29,100.0,,False
NS5A,111,W,W,29,29,100.0,,False
NS5A,112,R,R,29,29,100.0,,False
NS5A,113,V,V,29,29,100.0,,False
NS5A,114,A,A,29,29,100.0,,False
NS5A,115,A,A,29,29,100.0,,False
NS5A,116,E,E,29,29,100.0,,False
NS5A,117,E,E,29,29,100.0,,False
NS5A,118,Y,Y,29,29,100.0,,False
NS5A,119,V,V,29,29,100.0,,False
NS5A,120,E,E,29,29,100.0,,False
NS5A,121,V,V,29,29,100.0,,False
NS5A,122,V,V,29,27,93.1,E in 1; I in 1,False
NS5A,123,R,R,29,29,100.0,,False
NS5A,124,H,H,29,29,100.0,,False
NS5A,125,G,G,29,28,96.6,R in 1,False
NS5A,126,D,D,29,29,100.0,,False
NS5A,127,N,N,29,23,79.3,Y in 3; S in 2; G in 1,False
NS5A,128,H,H,29,29,100.0,,False
NS5A,129,Y,Y,29,29,100.0,,False
NS5A,130,I,I,29,24,82.8,V in 5,False
NS5A,131,V,V,29,29,100.0,,False
NS5A,132,A,A,29,26,89.7,G in 3,False
NS5A,133,A,A,29,28,96.6,V in 1,False
NS5A,134,T,T,29,29,100.0,,False
NS5A,135,S,S,29,29,100.0,,False
NS5A,136,D,D,29,29,100.0,,False
NS5A,137,N,N,29,29,100.0,,False
NS5A,138,L,L,29,29,100.0,,False
NS5A,139,K,K,29,29,100.0,,False
NS5A,140,C,C,29,29,100.0,,False
NS5A,141,P,P,29,29,100.0,,False
NS5A,142,C,C,29,29,100.0,,False
NS5A,143,Q,Q,29,29,100.0,,False
NS5A,144,V,V,29,29,100.0,,False
NS5A,145,P,P,29,29,100.0,,False
NS5A,146,S,S,29,28,96.6,A in 1,False
NS5A,147,P,P,29,29,100.0,,False
NS5A,148,E,E,29,29,100.0,,False
NS5A,149,F,F,29,29,100.0,,False
NS5A,150,F,F,29,29,100.0,,False
NS5A,151,T,T,29,29,100.0,,False
NS5A,152,E,E,29,29,100.0,,False
NS5A,153,V,V,29,26,89.7,L in 3,False
NS5A,154,D,D,29,29,100.0,,False
NS5A,155,G,G,29,29,100.0,,False
NS5A,156,I,I,29,18,62.1,V in 11,False
NS5A,157,R,R,29,29,100.0,,False
NS5A,158,L,L,29,28,96.6,V in 1,False
NS5A,159,H,H,29,29,100.0,,False
NS5A,160,R,R,29,29,100.0,,False
NS5A,161,Y,Y,29,29,100.0,,False
NS5A,162,A,A,29,29,100.0,,False
NS5A,163,P,P,29,29,100.0,,False
NS5A,164,A,A,29,19,65.5,T in 8; V in 1; P in 1,False
NS5A,165,C,C,29,29,100.0,,False
NS5A,166,R,R,29,29,100.0,,False
NS5A,167,P,P,29,29,100.0,,False
NS5A,168,L,L,29,29,100.0,,False
NS5A,169,L,L,29,24,82.8,I in 5,False
NS5A,170,R,R,29,29,100.0,,False
NS5A,171,D,D,29,27,93.1,E in 2,False
NS5A,172,E,E,29,28,96.6,D in 1,False
NS5A,173,I,I,29,28,96.6,V in 1,False
NS5A,174,T,T,29,27,93.1,Q in 1; S in 1,False
NS5A,175,Y,Y,29,27,93.1,F in 2,False
NS5A,176,S,S,29,27,93.1,T in 1; C in 1,False
NS5A,177,V,V,29,29,100.0,,False
NS5A,178,G,G,29,29,100.0,,False
NS5A,179,L,L,29,29,100.0,,False
NS5A,180,S,S,29,29,100.0,,False
NS5A,181,T,T,29,29,100.0,,False
NS5A,182,Y,Y,29,29,100.0,,False
NS5A,183,I,I,29,24,82.8,V in 3; T in 2,False
NS5A,184,I,I,29,29,100.0,,False
NS5A,185,G,G,29,29,100.0,,False
NS5A,186,S,S,29,29,100.0,,False
NS5A,187,Q,Q,29,28,96.6,R in 1,False
NS5A,188,L,L,29,29,100.0,,False
NS5A,189,P,P,29,29,100.0,,False
NS5A,190,C,C,29,29,100.0,,False
NS5A,191,E,E,29,29,100.0,,False
NS5A,192,P,P,29,29,100.0,,False
NS5A,193,E,E,29,29,100.0,,False
NS5A,194,P,P,29,29,100.0,,False
NS5A,195,D,D,29,29,100.0,,False
NS5A,196,V,V,29,29,100.0,,False
NS5A,197,A,A,29,28,96.6,T in 1,False
NS5A,198,V,V,29,29,100.0,,False
NS5A,199,L,L,29,29,100.0,,False
NS5A,200,T,T,29,29,100.0,,False
NS5A,201,S,S,29,29,100.0,,False
NS5A,202,M,M,29,29,100.0,,False
NS5A,203,L,L,29,29,100.0,,False
NS5A,204,T,T,29,29,100.0,,False
NS5A,205,D,D,29,29,100.0,,False
NS5A,206,P,P,29,29,100.0,,False
NS5A,207,A,A,29,26,89.7,S in 3,False
NS5A,208,H,H,29,29,100.0,,False
NS5A,209,I,I,29,29,100.0,,False
NS5A,210,T,T,29,29,100.0,,False
NS5A,211,A,A,29,29,100.0,,False
NS5A,212,E,E,29,29,100.0,,False
NS5A,213,T,T,29,25,86.2,A in 4,False
NS5A,214,A,A,29,29,100.0,,False
NS5A,215,G,G,29,28,96.6,S in 1,False
NS5A,216,R,R,29,29,100.0,,False
NS5A,217,R,R,29,29,100.0,,False
NS5A,218,L,L,29,29,100.0,,False
NS5A,219,A,A,29,29,100.0,,False
NS5A,220,R,R,29,29,100.0,,False
NS5A,221,G,G,29,29,100.0,,False
NS5A,222,S,S,29,29,100.0,,False
NS5A,223,P,P,29,29,100.0,,False
NS5A,224,P,P,29,29,100.0,,False
NS5A,225,S,S,29,29,100.0,,False
NS5A,226,L,L,29,28,96.6,V in 1,False
NS5A,227,A,A,29,29,100.0,,False
NS5A,228,S,S,29,29,100.0,,False
NS5A,229,S,S,29,29,100.0,,False
NS5A,230,S,S,29,29,100.0,,False
NS5A,231,A,A,29,29,100.0,,False
NS5A,232,S,S,29,29,100.0,,False
NS5A,233,Q,Q,29,29,100.0,,False
NS5A,234,L,L,29,29,100.0,,False
NS5A,235,S,S,29,29,100.0,,False
NS5A,236,A,A,29,29,100.0,,False
NS5A,237,P,P,29,25,86.2,L in 4,False
NS5A,238,S,S,29,29,100.0,,False
NS5A,239,L,L,29,29,100.0,,False
NS5A,240,K,K,29,27,93.1,R in 2,False
NS5A,241,A,A,29,27,93.1,P in 1; G in 1,False
NS5A,242,T,T,29,25,86.2,A in 4,False
NS5A,243,C,C,29,28,96.6,H in 1,False
NS5A,244,T,T,29,28,96.6,A in 1,False
NS5A,245,T,T,29,27,93.1,P in 1; I in 1,False
NS5A,246,T,A,29,27,93.1,T in 1; P in 1,False
NS5A,247,D,D,29,27,93.1,E in 1; G in 1,False
NS5A,248,R,R,29,27,93.1,K in 2,False
NS5A,249,H,H,29,29,100.0,,False
NS5A,250,P,P,29,29,100.0,,False
NS5A,251,D,D,29,29,100.0,,False
NS5A,252,A,A,29,29,100.0,,False
NS5A,253,E,E,29,29,100.0,,False
NS5A,254,L,L,29,29,100.0,,False
NS5A,255,L,I,29,27,93.1,V in 1; L in 1,False
NS5A,256,E,E,29,28,96.6,D in 1,False
NS5A,257,A,A,29,29,100.0,,False
NS5A,258,N,N,29,29,100.0,,False
NS5A,259,L,L,29,29,100.0,,False
NS5A,260,L,L,29,29,100.0,,False
NS5A,261,W,W,29,29,100.0,,False
NS5A,262,K,R,29,29,100.0,,False
NS5A,263,Q,Q,29,29,100.0,,False
NS5A,264,E,E,29,29,100.0,,False
NS5A,265,V,V,29,27,93.1,M in 2,False
NS5A,266,G,G,29,28,96.6,S in 1,False
NS5A,267,G,G,29,29,100.0,,False
NS5A,268,N,N,29,25,86.2,D in 4,False
NS5A,269,I,I,29,29,100.0,,False
NS5A,270,T,T,29,29,100.0,,False
NS5A,271,R,R,29,29,100.0,,False
NS5A,272,V,V,29,29,100.0,,False
NS5A,273,E,E,29,29,100.0,,False
NS5A,274,S,S,29,29,100.0,,False
NS5A,275,E,E,29,29,100.0,,False
NS5A,276,N,N,29,28,96.6,D in 1,False
NS5A,277,K,K,29,29,100.0,,False
NS5A,278,V,V,29,24,82.8,I in 5,False
NS5A,279,I,I,29,29,100.0,,False
NS5A,280,V,V,29,24,82.8,I in 5,False
NS5A,281,L,L,29,27,93.1,V in 2,False
NS5A,282,D,D,29,29,100.0,,False
NS5A,283,S,S,29,29,100.0,,False
NS5A,284,F,F,29,29,100.0,,False
NS5A,285,D,D,29,28,96.6,V in 1,False
NS5A,286,P,P,29,29,100.0,,False
NS5A,287,L,L,29,29,100.0,,False
NS5A,288,V,V,29,28,96.6,I in 1,False
NS5A,289,A,A,29,29,100.0,,False
NS5A,290,E,E,29,29,100.0,,False
NS5A,291,T,T,29,24,82.8,V in 2; P in 2; M in 1,False
NS5A,292,D,D,29,29,100.0,,False
NS5A,293,D,D,29,29,100.0,,False
NS5A,294,R,R,29,29,100.0,,False
NS5A,295,E,E,29,29,100.0,,False
NS5A,296,I,I,29,29,100.0,,False
NS5A,297,S,S,29,29,100.0,,False
NS5A,298,V,V,29,29,100.0,,False
NS5A,299,A,A,29,29,100.0,,False
NS5A,300,A,A,29,29,100.0,,False
NS5A,301,E,E,29,29,100.0,,False
NS5A,302,C,C,29,29,100.0,,False
NS5A,303,H,H,29,29,100.0,,False
NS5A,304,R,R,29,29,100.0,,False
NS5A,305,P,P,29,29,100.0,,False
NS5A,306,P,P,29,29,100.0,,False
NS5A,307,R,R,29,29,100.0,,False
NS5A,308,P,P,29,29,100.0,,False
NS5A,309,K,K,29,29,100.0,,False
NS5A,310,Y,Y,29,29,100.0,,False
NS5A,311,P,P,29,29,100.0,,False
NS5A,312,P,P,29,29,100.0,,False
NS5A,313,A,A,29,29,100.0,,False
NS5A,314,L,L,29,29,100.0,,False
NS5A,315,P,P,29,29,100.0,,False
NS5A,316,I,I,29,29,100.0,,False
NS5A,317,W,W,29,29,100.0,,False
NS5A,318,A,A,29,29,100.0,,False
NS5A,319,R,R,29,29,100.0,,False
NS5A,320,P,P,29,29,100.0,,False
NS5A,321,D,D,29,29,100.0,,False
NS5A,322,Y,Y,29,29,100.0,,False
NS5A,323,N,N,29,29,100.0,,False
NS5A,324,P,P,29,29,100.0,,False
NS5A,325,P,P,29,29,100.0,,False
NS5A,326,L,L,29,28,96.6,V in 1,False
NS5A,327,,L,29,26,89.7,V in 2; I in 1,False
NS5A,328,E,E,29,28,96.6,A in 1,False
NS5A,329,T,T,29,27,93.1,V in 1; S in 1,False
NS5A,330,W,W,29,29,100.0,,False
NS5A,331,K,K,29,26,89.7,R in 2; Q in 1,False
NS5A,332,K,K,29,28,96.6,N in 1,False
NS5A,333,P,P,29,29,100.0,,False
NS5A,334,D,D,29,27,93.1,G in 2,False
NS5A,335,Y,Y,29,29,100.0,,False
NS5A,336,D,D,29,24,82.8,N in 4; H in 1,False
NS5A,337,P,P,29,29,100.0,,False
NS5A,338,P,P,29,29,100.0,,False
NS5A,339,T,T,29,28,96.6,M in 1,False
NS5A,340,V,V,29,29,100.0,,False
NS5A,341,A,A,29,29,100.0,,False
NS5A,342,G,G,29,29,100.0,,False
NS5A,343,C,C,29,29,100.0,,False
NS5A,344,A,A,29,28,96.6,V in 1,False
NS5A,345,L,L,29,29,100.0,,False
NS5A,346,P,P,29,29,100.0,,False
NS5A,347,P,P,29,28,96.6,L in 1,False
NS5A,348,M,S,29,21,72.4,A in 3; P in 3; L in 1; V in 1,False
NS5A,349,G,G,29,26,89.7,R in 2; V in 1,False
NS5A,350,Q,Q,29,28,96.6,H in 1,False
NS5A,351,P,P,29,29,100.0,,False
NS5A,352,P,P,29,29,100.0,,False
NS5A,353,V,V,29,28,96.6,I in 1,False
NS5A,354,P,P,29,29,100.0,,False
NS5A,355,P,P,29,29,100.0,,False
NS5A,356,P,P,29,29,100.0,,False
NS5A,357,R,R,29,29,100.0,,False
NS5A,358,R,R,29,28,96.6,K in 1,False
NS5A,359,K,K,29,29,100.0,,False
NS5A,360,R,R,29,29,100.0,,False
NS5A,361,T,T,29,29,100.0,,False
NS5A,362,V,V,29,28,96.6,I in 1,False
NS5A,363,L,L,29,25,86.2,M in 2; T in 1; V in 1,False
NS5A,364,L,L,29,29,100.0,,False
NS5A,365,D,D,29,27,93.1,N in 2,False
NS5A,366,S,S,29,29,100.0,,False
NS5A,367,S,S,29,28,96.6,T in 1,False
NS5A,368,T,T,29,28,96.6,N in 1,False
NS5A,369,V,V,29,29,100.0,,False
NS5A,370,S,S,29,28,96.6,T in 1,False
NS5A,371,Q,Q,29,29,100.0,,False
NS5A,372,A,A,29,29,100.0,,False
NS5A,373,L,L,29,29,100.0,,False
NS5A,374,A,A,29,29,100.0,,False
NS5A,375,E,E,29,29,100.0,,False
NS5A,376,L,L,29,29,100.0,,False
NS5A,377,A,A,29,29,100.0,,False
NS5A,378,Q,Q,29,29,100.0,,False
NS5A,379,K,K,29,29,100.0,,False
NS5A,380,S,S,29,29,100.0,,False
NS5A,381,F,F,29,29,100.0,,False
NS5A,382,P,P,29,29,100.0,,False
NS5A,383,E,E,29,27,93.1,G in 2,False
NS5A,384,G,G,29,22,75.9,D in 4; S in 3,False
NS5A,385,S,S,29,28,96.6,P in 1,False
NS5A,386,T,T,29,26,89.7,A in 1; V in 1; I in 1,False
NS5A,387,A,A,29,27,93.1,T in 1; P in 1,False
NS5A,388,S,S,29,28,96.6,P in 1,False
NS5A,389,,R,29,21,72.4,Q in 6; G in 1; P in 1,False
NS5A,390,A,A,29,25,86.2,S in 3; P in 1,False
NS5A,391,E,E,29,27,93.1,G in 1; K in 1,False
NS5A,392,S,S,29,29,100.0,,False
NS5A,393,G,G,29,29,100.0,,False
NS5A,394,I,I,29,26,89.7,V in 2; T in 1,False
NS5A,395,D,D,29,24,82.8,E in 4; N in 1,False
NS5A,396,C,C,29,26,89.7,R in 3,False
NS5A,397,S,S,28,27,96.4,P in 1,False
NS5A,398,V,V,27,16,59.3,I in 6; D in 3; A in 2,False
NS5A,399,P,P,27,27,100.0,,False
NS5A,400,S,S,28,26,92.9,G in 2,False
NS5A,401,S,S,28,27,96.4,T in 1,False
NS5A,402,D,D,28,26,92.9,G in 1; E in 1,False
NS5A,403,A,A,26,21,80.8,D in 2; S in 2; V in 1,False
NS5A,404,,V,22,10,45.5,A in 4; E in 3; M in 2; G in 2; T in 1,False
NS5A,405,P,P,27,27,100.0,,False
NS5A,406,,L,22,13,59.1,S in 6; P in 3,False
NS5A,407,L,L,25,24,96.0,P in 1,False
NS5A,408,G,G,28,23,82.1,E in 5,False
NS5A,409,E,E,28,25,89.3,D in 2; A in 1,False
NS5A,410,D,D,29,27,93.1,N in 1; G in 1,False
NS5A,411,D,D,29,29,100.0,,False
NS5A,412,A,A,29,29,100.0,,False
NS5A,413,G,G,29,29,100.0,,False
NS5A,414,S,S,29,29,100.0,,False
NS5A,415,E,E,29,23,79.3,D in 5; Q in 1,False
NS5A,416,A,A,29,29,100.0,,False
NS5A,417,G,G,29,27,93.1,A in 1; D in 1,False
NS5A,418,S,S,29,29,100.0,,False
NS5A,419,F,F,29,28,96.6,S in 1,False
NS5A,420,S,S,29,29,100.0,,False
NS5A,421,S,S,29,29,100.0,,False
NS5A,422,M,M,29,29,100.0,,False
NS5A,423,P,P,29,29,100.0,,False
NS5A,424,P,P,29,29,100.0,,False
NS5A,425,L,L,29,29,100.0,,False
NS5A,426,E,E,29,29,100.0,,False
NS5A,427,G,G,29,29,100.0,,False
NS5A,428,E,E,29,29,100.0,,False
NS5A,429,P,P,29,29,100.0,,False
NS5A,430,G,G,29,29,100.0,,False
NS5A,431,D,D,29,29,100.0,,False
NS5A,432,P,P,29,29,100.0,,False
NS5A,433,D,D,29,29,100.0,,False
NS5A,434,L,L,29,29,100.0,,False
NS5A,435,S,S,29,25,86.2,G in 4,False
NS5A,436,S,S,29,29,100.0,,False
NS5A,437,G,G,29,29,100.0,,False
NS5A,438,S,S,29,29,100.0,,False
NS5A,439,W,W,29,29,100.0,,False
NS5A,440,S,S,29,29,100.0,,False
NS5A,441,T,T,29,29,100.0,,False
NS5A,442,V,V,29,29,100.0,,False
NS5A,443,S,S,29,29,100.0,,False
NS5A,444,D,D,29,27,93.1,E in 2,False
NS5A,445,E,E,29,28,96.6,D in 1,False
NS5A,446,D,D,29,25,86.2,E in 4,False
NS5A,447,D,D,29,29,100.0,,False
NS5A,448,A,A,29,29,100.0,,False
NS5A,449,N,N,29,22,75.9,T in 2; G in 2; D in 1; S in 1; H in 1,False
NS5A,450,S,S,29,26,89.7,T in 2; G in 1,False
NS5A,451,S,S,29,24,82.8,N in 3; G in 2,False
NS5A,452,V,V,29,29,100.0,,False
NS5A,453,V,V,29,29,100.0,,False
NS5A,454,C,C,29,29,100.0,,False
NS5A,455,C,C,29,29,100.0,,False
NS5B,1,S,S,29,29,100.0,,False
NS5B,2,M,M,29,29,100.0,,False
NS5B,3,S,S,29,29,100.0,,False
NS5B,4,Y,Y,29,29,100.0,,False
NS5B,5,S,S,29,29,100.0,,False
NS5B,6,W,W,29,29,100.0,,False
NS5B,7,T,T,29,29,100.0,,False
NS5B,8,G,G,29,29,100.0,,False
NS5B,9,A,A,29,29,100.0,,False
NS5B,10,L,L,29,28,96.6,V in 1,False
NS5B,11,I,I,29,28,96.6,V in 1,False
NS5B,12,T,T,29,29,100.0,,False
NS5B,13,P,P,29,29,100.0,,False
NS5B,14,C,C,29,29,100.0,,False
NS5B,15,A,A,29,28,96.6,V in 1,False
NS5B,16,A,A,29,29,100.0,,False
NS5B,17,E,E,29,29,100.0,,False
NS5B,18,E,E,29,29,100.0,,False
NS5B,19,E,E,29,29,100.0,,False
NS5B,20,K,K,29,29,100.0,,False
NS5B,21,L,L,29,29,100.0,,False
NS5B,22,P,P,29,29,100.0,,False
NS5B,23,I,I,29,29,100.0,,False
NS5B,24,S,S,29,29,100.0,,False
NS5B,25,P,P,29,29,100.0,,False
NS5B,26,L,L,29,28,96.6,F in 1,False
NS5B,27,S,S,29,29,100.0,,False
NS5B,28,N,N,29,29,100.0,,False
NS5B,29,S,S,29,29,100.0,,False
NS5B,30,L,L,29,29,100.0,,False
NS5B,31,I,I,29,27,93.1,V in 1; L in 1,False
NS5B,32,R,R,29,29,100.0,,False
NS5B,33,H,H,29,29,100.0,,False
NS5B,34,H,H,29,29,100.0,,False
NS5B,35,N,N,29,29,100.0,,False
NS5B,36,L,L,29,21,72.4,M in 7; V in 1,False
NS5B,37,V,V,29,29,100.0,,False
NS5B,38,Y,Y,29,29,100.0,,False
NS5B,39,S,S,29,29,100.0,,False
NS5B,40,T,T,29,29,100.0,,False
NS5B,41,T,T,29,29,100.0,,False
NS5B,42,S,S,29,28,96.6,T in 1,False
NS5B,43,R,R,29,29,100.0,,False
NS5B,44,S,S,29,29,100.0,,False
NS5B,45,A,A,29,29,100.0,,False
NS5B,46,S,S,29,29,100.0,,False
NS5B,47,L,L,29,29,100.0,,False
NS5B,48,R,R,29,29,100.0,,False
NS5B,49,Q,Q,29,29,100.0,,False
NS5B,50,K,K,29,29,100.0,,False
NS5B,51,K,K,29,29,100.0,,False
NS5B,52,V,V,29,29,100.0,,False
NS5B,53,T,T,29,29,100.0,,False
NS5B,54,F,F,29,29,100.0,,False
NS5B,55,D,D,29,29,100.0,,False
NS5B,56,R,R,29,29,100.0,,False
NS5B,57,V,I,29,16,55.2,V in 11; T in 2,False
NS5B,58,Q,Q,29,29,100.0,,False
NS5B,59,I,I,29,18,62.1,V in 9; M in 1; T in 1,False
NS5B,60,L,L,29,29,100.0,,False
NS5B,61,D,D,29,29,100.0,,False
NS5B,62,Q,Q,29,29,100.0,,False
NS5B,63,H,H,29,28,96.6,Y in 1,False
NS5B,64,Y,Y,29,29,100.0,,False
NS5B,65,S,S,29,29,100.0,,False
NS5B,66,D,D,29,29,100.0,,False
NS5B,67,V,V,29,29,100.0,,False
NS5B,68,L,L,29,28,96.6,V in 1,False
NS5B,69,K,K,29,28,96.6,T in 1,False
NS5B,70,E,E,29,29,100.0,,False
NS5B,71,V,V,29,19,65.5,I in 10,False
NS5B,72,K,K,29,29,100.0,,False
NS5B,73,A,A,29,26,89.7,T in 3,False
NS5B,74,R,R,29,29,100.0,,False
NS5B,75,A,A,29,29,100.0,,False
NS5B,76,S,S,29,29,100.0,,False
NS5B,77,Q,Q,29,29,100.0,,False
NS5B,78,V,V,29,29,100.0,,False
NS5B,79,S,S,29,27,93.1,N in 2,False
NS5B,80,A,A,29,29,100.0,,False
NS5B,81,R,R,29,29,100.0,,False
NS5B,82,L,L,29,29,100.0,,False
NS5B,83,L,L,29,29,100.0,,False
NS5B,84,S,S,29,29,100.0,,False
NS5B,85,T,T,29,28,96.6,I in 1,False
NS5B,86,E,E,29,29,100.0,,False
NS5B,87,E,E,29,29,100.0,,False
NS5B,88,A,A,29,29,100.0,,False
NS5B,89,C,C,29,29,100.0,,False
NS5B,90,D,D,29,29,100.0,,False
NS5B,91,L,L,29,29,100.0,,False
NS5B,92,T,T,29,29,100.0,,False
NS5B,93,P,P,29,29,100.0,,False
NS5B,94,A,A,29,29,100.0,,False
NS5B,95,H,H,29,29,100.0,,False
NS5B,96,S,S,29,29,100.0,,False
NS5B,97,A,A,29,29,100.0,,False
NS5B,98,R,R,29,29,100.0,,False
NS5B,99,S,S,29,29,100.0,,False
NS5B,100,K,K,29,29,100.0,,False
NS5B,101,F,F,29,29,100.0,,False
NS5B,102,G,G,29,29,100.0,,False
NS5B,103,Y,Y,29,29,100.0,,False
NS5B,104,G,G,29,29,100.0,,False
NS5B,105,A,A,29,29,100.0,,False
NS5B,106,K,K,29,29,100.0,,False
NS5B,107,E,E,29,29,100.0,,False
NS5B,108,V,V,29,29,100.0,,False
NS5B,109,R,R,29,29,100.0,,False
NS5B,110,A,A,29,28,96.6,T in 1,False
NS5B,111,H,H,29,29,100.0,,False
NS5B,112,A,A,29,29,100.0,,False
NS5B,113,S,S,29,29,100.0,,False
NS5B,114,K,K,29,29,100.0,,False
NS5B,115,A,A,29,29,100.0,,False
NS5B,116,I,I,29,28,96.6,V in 1,False
NS5B,117,N,N,29,29,100.0,,False
NS5B,118,H,H,29,29,100.0,,False
NS5B,119,I,I,29,29,100.0,,False
NS5B,120,N,N,29,29,100.0,,False
NS5B,121,S,S,29,29,100.0,,False
NS5B,122,V,V,29,29,100.0,,False
NS5B,123,W,W,29,29,100.0,,False
NS5B,124,E,E,29,27,93.1,K in 2,False
NS5B,125,D,D,29,29,100.0,,False
NS5B,126,L,L,29,29,100.0,,False
NS5B,127,L,L,29,29,100.0,,False
NS5B,128,E,E,29,29,100.0,,False
NS5B,129,D,D,29,29,100.0,,False
NS5B,130,N,N,29,29,100.0,,False
NS5B,131,S,S,29,29,100.0,,False
NS5B,132,T,T,29,29,100.0,,False
NS5B,133,P,P,29,29,100.0,,False
NS5B,134,I,I,29,29,100.0,,False
NS5B,135,P,P,29,29,100.0,,False
NS5B,136,T,T,29,29,100.0,,False
NS5B,137,T,T,29,29,100.0,,False
NS5B,138,I,I,29,29,100.0,,False
NS5B,139,M,M,29,29,100.0,,False
NS5B,140,A,A,29,29,100.0,,False
NS5B,141,K,K,29,29,100.0,,False
NS5B,142,N,N,29,29,100.0,,False
NS5B,143,E,E,29,29,100.0,,False
NS5B,144,V,V,29,29,100.0,,False
NS5B,145,F,F,29,29,100.0,,False
NS5B,146,C,C,29,29,100.0,,False
NS5B,147,V,V,29,29,100.0,,False
NS5B,148,D,D,29,26,89.7,N in 3,False
NS5B,149,P,P,29,24,82.8,S in 3; L in 2,False
NS5B,150,Q,Q,29,27,93.1,H in 2,False
NS5B,151,K,K,29,29,100.0,,False
NS5B,152,G,G,29,29,100.0,,False
NS5B,153,G,G,29,29,100.0,,False
NS5B,154,R,R,29,29,100.0,,False
NS5B,155,K,K,29,29,100.0,,False
NS5B,156,P,P,29,29,100.0,,False
NS5B,157,A,A,29,29,100.0,,False
NS5B,158,R,R,29,29,100.0,,False
NS5B,159,L,L,29,29,100.0,,False
NS5B,160,I,I,29,29,100.0,,False
NS5B,161,V,V,29,29,100.0,,False
NS5B,162,Y,Y,29,28,96.6,F in 1,False
NS5B,163,P,P,29,29,100.0,,False
NS5B,164,D,D,29,29,100.0,,False
NS5B,165,L,L,29,29,100.0,,False
NS5B,166,G,G,29,28,96.6,S in 1,False
NS5B,167,V,V,29,29,100.0,,False
NS5B,168,R,R,29,29,100.0,,False
NS5B,169,V,V,29,29,100.0,,False
NS5B,170,C,C,29,29,100.0,,False
NS5B,171,E,E,28,28,100.0,,False
NS5B,172,K,K,28,28,100.0,,False
NS5B,173,R,R,28,28,100.0,,False
NS5B,174,A,A,28,28,100.0,,False
NS5B,175,L,L,28,28,100.0,,False
NS5B,176,Y,Y,28,28,100.0,,False
NS5B,177,D,D,28,28,100.0,,False
NS5B,178,V,V,28,28,100.0,,False
NS5B,179,T,T,28,28,100.0,,False
NS5B,180,R,R,28,26,92.9,C in 2,False
NS5B,181,K,K,27,27,100.0,,False
NS5B,182,L,L,27,27,100.0,,False
NS5B,183,P,P,27,27,100.0,,False
NS5B,184,L,L,27,24,88.9,V in 1; Q in 1; S in 1,False
NS5B,185,A,A,27,26,96.3,V in 1,False
NS5B,186,V,V,27,27,100.0,,False
NS5B,187,M,M,27,27,100.0,,False
NS5B,188,G,G,27,27,100.0,,False
NS5B,189,P,P,27,27,100.0,,False
NS5B,190,A,A,27,27,100.0,,False
NS5B,191,Y,Y,27,27,100.0,,False
NS5B,192,G,G,27,27,100.0,,False
NS5B,193,F,F,27,27,100.0,,False
NS5B,194,Q,Q,27,27,100.0,,False
NS5B,195,Y,Y,27,27,100.0,,False
NS5B,196,S,S,27,27,100.0,,False
NS5B,197,P,P,27,27,100.0,,False
NS5B,198,K,K,27,27,100.0,,False
NS5B,199,Q,Q,27,27,100.0,,False
NS5B,200,R,R,27,27,100.0,,False
NS5B,201,V,V,27,27,100.0,,False
NS5B,202,E,E,27,22,81.5,D in 5,False
NS5B,203,R,R,27,27,100.0,,False
NS5B,204,L,L,27,27,100.0,,False
NS5B,205,L,L,27,27,100.0,,False
NS5B,206,Q,Q,27,27,100.0,,False
NS5B,207,M,M,27,27,100.0,,False
NS5B,208,W,W,27,27,100.0,,False
NS5B,209,R,R,27,27,100.0,,False
NS5B,210,A,A,27,27,100.0,,False
NS5B,211,K,K,27,25,92.6,R in 2,False
NS5B,212,K,K,27,27,100.0,,False
NS5B,213,T,T,28,28,100.0,,False
NS5B,214,P,P,29,29,100.0,,False
NS5B,215,M,M,29,29,100.0,,False
NS5B,216,G,G,29,29,100.0,,False
NS5B,217,F,F,29,29,100.0,,False
NS5B,218,S,S,29,29,100.0,,False
NS5B,219,Y,Y,29,29,100.0,,False
NS5B,220,D,D,29,29,100.0,,False
NS5B,221,T,T,29,29,100.0,,False
NS5B,222,R,R,29,29,100.0,,False
NS5B,223,C,C,29,29,100.0,,False
NS5B,224,F,F,29,29,100.0,,False
NS5B,225,D,D,29,29,100.0,,False
NS5B,226,S,S,29,29,100.0,,False
NS5B,227,T,T,29,29,100.0,,False
NS5B,228,V,V,29,29,100.0,,False
NS5B,229,T,T,29,29,100.0,,False
NS5B,230,E,E,29,29,100.0,,False
NS5B,231,R,R,29,29,100.0,,False
NS5B,232,D,D,29,29,100.0,,False
NS5B,233,I,I,29,29,100.0,,False
NS5B,234,R,R,29,28,96.6,H in 1,False
NS5B,235,T,T,29,24,82.8,V in 3; I in 1; M in 1,False
NS5B,236,E,E,29,29,100.0,,False
NS5B,237,E,E,29,29,100.0,,False
NS5B,238,S,S,29,29,100.0,,False
NS5B,239,I,I,29,29,100.0,,False
NS5B,240,Y,Y,29,29,100.0,,False
NS5B,241,Q,Q,29,29,100.0,,False
NS5B,242,C,C,29,29,100.0,,False
NS5B,243,C,C,29,29,100.0,,False
NS5B,244,Q,Q,29,29,100.0,,False
NS5B,245,L,L,29,29,100.0,,False
NS5B,246,D,D,29,29,100.0,,False
NS5B,247,P,P,29,29,100.0,,False
NS5B,248,E,E,29,28,96.6,V in 1,False
NS5B,249,A,A,29,29,100.0,,False
NS5B,250,R,R,29,28,96.6,K in 1,False
NS5B,251,K,K,29,29,100.0,,False
NS5B,252,A,A,29,29,100.0,,False
NS5B,253,I,I,29,29,100.0,,False
NS5B,254,T,T,29,29,100.0,,False
NS5B,255,S,S,29,29,100.0,,False
NS5B,256,L,L,29,29,100.0,,False
NS5B,257,N,N,29,28,96.6,T in 1,False
NS5B,258,E,E,29,29,100.0,,False
NS5B,259,R,R,29,29,100.0,,False
NS5B,260,L,L,29,29,100.0,,False
NS5B,261,,Y,29,29,100.0,,False
NS5B,262,C,C,29,29,100.0,,False
NS5B,263,G,G,29,29,100.0,,False
NS5B,264,G,G,29,29,100.0,,False
NS5B,265,P,P,29,29,100.0,,False
NS5B,266,M,M,29,29,100.0,,False
NS5B,267,F,F,29,27,93.1,V in 2,False
NS5B,268,N,N,29,29,100.0,,False
NS5B,269,S,S,29,29,100.0,,False
NS5B,270,R,R,29,29,100.0,,False
NS5B,271,N,N,29,28,96.6,G in 1,False
NS5B,272,Q,Q,29,29,100.0,,False
NS5B,273,S,S,29,28,96.6,T in 1,False
NS5B,274,C,C,29,29,100.0,,False
NS5B,275,G,G,29,29,100.0,,False
NS5B,276,Y,Y,29,29,100.0,,False
NS5B,277,R,R,29,29,100.0,,False
NS5B,278,R,R,29,29,100.0,,False
NS5B,279,C,C,29,29,100.0,,False
NS5B,280,R,R,29,29,100.0,,False
NS5B,281,A,A,29,29,100.0,,False
NS5B,282,S,S,29,28,96.6,T in 1,False
NS5B,283,G,G,29,29,100.0,,False
NS5B,284,V,V,29,29,100.0,,False
NS5B,285,L,L,29,27,93.1,F in 2,False
NS5B,286,T,T,29,29,100.0,,False
NS5B,287,T,T,29,29,100.0,,False
NS5B,288,S,S,29,29,100.0,,False
NS5B,289,L,L,29,29,100.0,,False
NS5B,290,G,G,29,29,100.0,,False
NS5B,291,N,N,29,29,100.0,,False
NS5B,292,T,T,29,29,100.0,,False
NS5B,293,L,L,29,29,100.0,,False
NS5B,294,T,T,29,29,100.0,,False
NS5B,295,C,C,29,29,100.0,,False
NS5B,296,Y,Y,29,28,96.6,F in 1,False
NS5B,297,L,L,29,28,96.6,I in 1,False
NS5B,298,K,K,29,29,100.0,,False
NS5B,299,A,A,29,29,100.0,,False
NS5B,300,Q,Q,29,29,100.0,,False
NS5B,301,A,A,29,29,100.0,,False
NS5B,302,A,A,29,29,100.0,,False
NS5B,303,C,C,29,29,100.0,,False
NS5B,304,R,R,29,28,96.6,K in 1,False
NS5B,305,A,A,29,29,100.0,,False
NS5B,306,A,A,29,29,100.0,,False
NS5B,307,K,K,29,28,96.6,N in 1,False
NS5B,308,L,L,29,29,100.0,,False
NS5B,309,K,K,29,29,100.0,,False
NS5B,310,D,D,29,28,96.6,N in 1,False
NS5B,311,Y,Y,29,28,96.6,F in 1,False
NS5B,312,D,D,29,29,100.0,,False
NS5B,313,M,M,29,29,100.0,,False
NS5B,314,L,L,29,29,100.0,,False
NS5B,315,V,V,29,29,100.0,,False
NS5B,316,C,C,29,29,100.0,,False
NS5B,317,G,G,29,29,100.0,,False
NS5B,318,D,D,29,29,100.0,,False
NS5B,319,D,D,29,29,100.0,,False
NS5B,320,L,L,29,29,100.0,,False
NS5B,321,V,V,29,29,100.0,,False
NS5B,322,V,V,29,28,96.6,I in 1,False
NS5B,323,I,I,29,29,100.0,,False
NS5B,324,S,S,29,29,100.0,,False
NS5B,325,E,E,29,29,100.0,,False
NS5B,326,S,S,29,29,100.0,,False
NS5B,327,A,A,29,28,96.6,E in 1,False
NS5B,328,G,G,29,29,100.0,,False
NS5B,329,V,V,29,29,100.0,,False
NS5B,330,T,T,29,27,93.1,A in 2,False
NS5B,331,E,E,29,29,100.0,,False
NS5B,332,D,D,29,29,100.0,,False
NS5B,333,A,A,29,29,100.0,,False
NS5B,334,S,S,29,26,89.7,N in 2; D in 1,False
NS5B,335,A,A,29,29,100.0,,False
NS5B,336,L,L,29,29,100.0,,False
NS5B,337,R,R,29,29,100.0,,False
NS5B,338,A,A,29,29,100.0,,False
NS5B,339,F,F,29,29,100.0,,False
NS5B,340,T,T,29,29,100.0,,False
NS5B,341,E,E,29,29,100.0,,False
NS5B,342,A,A,29,29,100.0,,False
NS5B,343,M,M,29,29,100.0,,False
NS5B,344,T,T,29,29,100.0,,False
NS5B,345,R,R,29,29,100.0,,False
NS5B,346,Y,Y,29,29,100.0,,False
NS5B,347,S,S,29,29,100.0,,False
NS5B,348,A,A,29,29,100.0,,False
NS5B,349,P,P,29,29,100.0,,False
NS5B,350,P,P,29,29,100.0,,False
NS5B,351,G,G,29,29,100.0,,False
NS5B,352,D,D,29,29,100.0,,False
NS5B,353,E,E,29,28,96.6,D in 1,False
NS5B,354,P,P,29,29,100.0,,False
NS5B,355,H,H,29,29,100.0,,False
NS5B,356,P,P,29,29,100.0,,False
NS5B,357,E,E,29,29,100.0,,False
NS5B,358,Y,Y,29,29,100.0,,False
NS5B,359,D,D,29,29,100.0,,False
NS5B,360,L,L,29,29,100.0,,False
NS5B,361,E,E,29,29,100.0,,False
NS5B,362,L,L,29,29,100.0,,False
NS5B,363,I,I,29,29,100.0,,False
NS5B,364,T,T,29,29,100.0,,False
NS5B,365,S,S,29,29,100.0,,False
NS5B,366,C,C,29,29,100.0,,False
NS5B,367,S,S,29,29,100.0,,False
NS5B,368,S,S,29,29,100.0,,False
NS5B,369,N,N,29,29,100.0,,False
NS5B,370,V,V,29,29,100.0,,False
NS5B,371,S,S,29,29,100.0,,False
NS5B,372,V,V,29,29,100.0,,False
NS5B,373,A,A,29,29,100.0,,False
NS5B,374,H,H,29,29,100.0,,False
NS5B,375,D,D,29,29,100.0,,False
NS5B,376,N,N,29,28,96.6,D in 1,False
NS5B,377,T,T,29,29,100.0,,False
NS5B,378,G,G,29,29,100.0,,False
NS5B,379,Q,Q,29,29,100.0,,False
NS5B,380,R,R,29,29,100.0,,False
NS5B,381,Y,Y,29,29,100.0,,False
NS5B,382,Y,Y,29,29,100.0,,False
NS5B,383,Y,Y,29,29,100.0,,False
NS5B,384,L,L,29,29,100.0,,False
NS5B,385,T,T,29,29,100.0,,False
NS5B,386,R,R,29,29,100.0,,False
NS5B,387,D,D,29,29,100.0,,False
NS5B,388,P,P,29,29,100.0,,False
NS5B,389,V,V,29,24,82.8,T in 4; I in 1,False
NS5B,390,T,T,29,29,100.0,,False
NS5B,391,P,P,29,29,100.0,,False
NS5B,392,L,L,29,29,100.0,,False
NS5B,393,S,A,29,25,86.2,S in 3; T in 1,False
NS5B,394,R,R,29,29,100.0,,False
NS5B,395,A,A,29,29,100.0,,False
NS5B,396,A,A,29,29,100.0,,False
NS5B,397,W,W,29,29,100.0,,False
NS5B,398,E,E,29,29,100.0,,False
NS5B,399,T,T,29,29,100.0,,False
NS5B,400,A,A,29,29,100.0,,False
NS5B,401,R,R,29,29,100.0,,False
NS5B,402,H,H,29,29,100.0,,False
NS5B,403,T,T,29,29,100.0,,False
NS5B,404,P,P,29,29,100.0,,False
NS5B,405,V,V,29,29,100.0,,False
NS5B,406,N,N,29,29,100.0,,False
NS5B,407,S,S,29,29,100.0,,False
NS5B,408,W,W,29,29,100.0,,False
NS5B,409,L,L,29,29,100.0,,False
NS5B,410,G,G,29,29,100.0,,False
NS5B,411,N,N,29,29,100.0,,False
NS5B,412,I,I,29,29,100.0,,False
NS5B,413,I,I,29,29,100.0,,False
NS5B,414,M,M,29,28,96.6,L in 1,False
NS5B,415,Y,Y,29,29,100.0,,False
NS5B,416,A,A,29,29,100.0,,False
NS5B,417,P,P,29,29,100.0,,False
NS5B,418,T,T,29,29,100.0,,False
NS5B,419,I,I,29,29,100.0,,False
NS5B,420,W,W,29,29,100.0,,False
NS5B,421,V,V,29,29,100.0,,False
NS5B,422,R,R,29,29,100.0,,False
NS5B,423,M,M,29,29,100.0,,False
NS5B,424,V,V,29,29,100.0,,False
NS5B,425,L,L,29,28,96.6,M in 1,False
NS5B,426,M,M,29,27,93.1,L in 2,False
NS5B,427,T,T,29,29,100.0,,False
NS5B,428,H,H,29,29,100.0,,False
NS5B,429,F,F,29,29,100.0,,False
NS5B,430,F,F,29,29,100.0,,False
NS5B,431,G,G,29,22,75.9,A in 7,False
NS5B,432,I,I,29,29,100.0,,False
NS5B,433,L,L,29,29,100.0,,False
NS5B,434,Q,Q,29,29,100.0,,False
NS5B,435,S,S,29,29,100.0,,False
NS5B,436,Q,Q,29,29,100.0,,False
NS5B,437,E,E,29,29,100.0,,False
NS5B,438,T,T,29,29,100.0,,False
NS5B,439,L,L,29,29,100.0,,False
NS5B,440,H,H,29,29,100.0,,False
NS5B,441,K,K,29,28,96.6,N in 1,False
NS5B,442,A,A,29,29,100.0,,False
NS5B,443,L,L,29,29,100.0,,False
NS5B,444,D,D,29,29,100.0,,False
NS5B,445,F,F,29,29,100.0,,False
NS5B,446,D,D,29,29,100.0,,False
NS5B,447,M,M,29,29,100.0,,False
NS5B,448,Y,Y,29,29,100.0,,False
NS5B,449,G,G,29,29,100.0,,False
NS5B,450,V,V,29,29,100.0,,False
NS5B,451,T,T,29,29,100.0,,False
NS5B,452,Y,Y,29,29,100.0,,False
NS5B,453,S,S,29,29,100.0,,False
NS5B,454,I,I,29,29,100.0,,False
NS5B,455,T,T,29,29,100.0,,False
NS5B,456,P,P,29,29,100.0,,False
NS5B,457,L,L,29,29,100.0,,False
NS5B,458,D,D,29,29,100.0,,False
NS5B,459,L,L,29,29,100.0,,False
NS5B,460,P,P,29,29,100.0,,False
NS5B,461,Q,Q,29,29,100.0,,False
NS5B,462,I,I,29,29,100.0,,False
NS5B,463,I,I,29,29,100.0,,False
NS5B,464,Q,Q,29,29,100.0,,False
NS5B,465,R,R,29,29,100.0,,False
NS5B,466,L,L,29,29,100.0,,False
NS5B,467,H,H,29,29,100.0,,False
NS5B,468,G,G,29,29,100.0,,False
NS5B,469,M,M,29,29,100.0,,False
NS5B,470,A,A,29,29,100.0,,False
NS5B,471,A,A,29,29,100.0,,False
NS5B,472,F,F,29,29,100.0,,False
NS5B,473,S,S,29,29,100.0,,False
NS5B,474,L,L,29,29,100.0,,False
NS5B,475,H,H,29,29,100.0,,False
NS5B,476,G,G,29,28,96.6,S in 1,False
NS5B,477,Y,Y,29,29,100.0,,False
NS5B,478,S,S,29,29,100.0,,False
NS5B,479,P,P,29,29,100.0,,False
NS5B,480,G,G,29,29,100.0,,False
NS5B,481,E,E,29,29,100.0,,False
NS5B,482,L,L,29,29,100.0,,False
NS5B,483,N,N,29,29,100.0,,False
NS5B,484,R,R,29,29,100.0,,False
NS5B,485,V,V,29,29,100.0,,False
NS5B,486,A,A,29,29,100.0,,False
NS5B,487,A,A,29,28,96.6,G in 1,False
NS5B,488,G,S,29,23,79.3,G in 4; C in 2,False
NS5B,489,L,L,29,29,100.0,,False
NS5B,490,R,R,29,29,100.0,,False
NS5B,491,K,K,29,29,100.0,,False
NS5B,492,L,L,29,29,100.0,,False
NS5B,493,G,G,29,29,100.0,,False
NS5B,494,A,A,29,29,100.0,,False
NS5B,495,P,P,29,29,100.0,,False
NS5B,496,P,P,29,29,100.0,,False
NS5B,497,L,L,29,29,100.0,,False
NS5B,498,R,R,29,29,100.0,,False
NS5B,499,A,A,29,29,100.0,,False
NS5B,500,W,W,29,29,100.0,,False
NS5B,501,R,R,29,29,100.0,,False
NS5B,502,H,H,29,29,100.0,,False
NS5B,503,R,R,29,29,100.0,,False
NS5B,504,A,A,29,29,100.0,,False
NS5B,505,R,R,29,29,100.0,,False
NS5B,506,A,A,29,29,100.0,,False
NS5B,507,V,V,29,29,100.0,,False
NS5B,508,R,R,29,29,100.0,,False
NS5B,509,A,A,29,29,100.0,,False
NS5B,510,K,K,29,29,100.0,,False
NS5B,511,L,L,29,29,100.0,,False
NS5B,512,I,I,29,29,100.0,,False
NS5B,513,A,A,29,29,100.0,,False
NS5B,514,Q,Q,29,29,100.0,,False
NS5B,515,G,G,29,29,100.0,,False
NS5B,516,G,G,29,29,100.0,,False
NS5B,517,K,K,29,29,100.0,,False
NS5B,518,A,A,29,29,100.0,,False
NS5B,519,A,A,29,29,100.0,,False
NS5B,520,I,I,29,25,86.2,T in 3; V in 1,False
NS5B,521,C,C,29,29,100.0,,False
NS5B,522,G,G,29,29,100.0,,False
NS5B,523,R,R,29,29,100.0,,False
NS5B,524,Y,Y,29,29,100.0,,False
NS5B,525,L,L,29,29,100.0,,False
NS5B,526,F,F,29,29,100.0,,False
NS5B,527,N,N,29,29,100.0,,False
NS5B,528,W,W,29,29,100.0,,False
NS5B,529,A,A,29,29,100.0,,False
NS5B,530,V,V,29,29,100.0,,False
NS5B,531,R,R,29,29,100.0,,False
NS5B,532,T,T,29,29,100.0,,False
NS5B,533,K,K,29,29,100.0,,False
NS5B,534,L,L,29,29,100.0,,False
NS5B,535,K,K,29,29,100.0,,False
NS5B,536,L,L,29,29,100.0,,False
NS5B,537,T,T,29,29,100.0,,False
NS5B,538,P,P,29,29,100.0,,False
NS5B,539,L,L,29,29,100.0,,False
NS5B,540,R,R,29,29,100.0,,False
NS5B,541,D,D,29,29,100.0,,False
NS5B,542,A,A,29,29,100.0,,False
NS5B,543,H,H,29,29,100.0,,False
NS5B,544,R,R,29,29,100.0,,False
NS5B,545,F,L,29,18,62.1,F in 11,False
NS5B,546,D,D,29,29,100.0,,False
NS5B,547,L,L,29,29,100.0,,False
NS5B,548,S,S,29,29,100.0,,False
NS5B,549,E,E,29,15,51.7,G in 14,False
NS5B,550,W,W,29,29,100.0,,False
NS5B,551,F,F,29,29,100.0,,False
NS5B,552,V,V,29,29,100.0,,False
NS5B,553,A,A,29,29,100.0,,False
NS5B,554,G,G,29,29,100.0,,False
NS5B,555,G,G,29,29,100.0,,False
NS5B,556,S,S,29,29,100.0,,False
NS5B,557,G,G,29,29,100.0,,False
NS5B,558,G,G,29,29,100.0,,False
NS5B,559,D,D,29,29,100.0,,False
NS5B,560,I,I,29,29,100.0,,False
NS5B,561,F,F,29,29,100.0,,False
NS5B,562,H,H,29,28,96.6,R in 1,False
NS5B,563,S,S,29,29,100.0,,False
NS5B,564,V,V,29,29,100.0,,False
NS5B,565,S,S,29,29,100.0,,False
NS5B,566,Q,Q,29,28,96.6,R in 1,False
NS5B,567,A,A,29,29,100.0,,False
NS5B,568,R,R,29,29,100.0,,False
NS5B,569,P,P,29,29,100.0,,False
NS5B,570,R,R,29,29,100.0,,False
NS5B,571,T,T,29,29,100.0,,False
NS5B,572,L,L,29,29,100.0,,False
NS5B,573,L,L,29,29,100.0,,False
NS5B,574,L,L,29,29,100.0,,False
NS5B,575,C,C,29,29,100.0,,False
NS5B,576,L,L,29,29,100.0,,False
NS5B,577,L,L,29,29,100.0,,False
NS5B,578,L,L,29,29,100.0,,False
NS5B,579,L,L,27,27,100.0,,False
NS5B,580,A,A,27,27,100.0,,False
NS5B,581,V,V,27,27,100.0,,False
NS5B,582,G,G,27,27,100.0,,False
NS5B,583,V,V,26,26,100.0,,False
NS5B,584,G,G,26,26,100.0,,False
NS5B,585,I,I,25,25,100.0,,False
NS5B,586,F,F,25,25,100.0,,False
NS5B,587,L,L,29,29,100.0,,False
NS5B,588,L,L,29,29,100.0,,False
NS5B,589,P,P,29,29,100.0,,False
NS5B,590,A,A,29,29,100.0,,False
NS5B,591,R,R,29,29,100.0,,False
NS5B,592,*,*,27,27,100.0,,False
NS5B,593,T,T,25,25,100.0,,False
NS5B,594,G,G,12,12,100.0,,False
