sample,position,codon_nt,depth,gene_bam
LK008A,NS5A-28,6336,2351,NS5A
LK008A,NS5A-30,6342,2474,NS5A
LK008A,NS5A-31,6345,2579,NS5A
LK008A,NS5A-32,6348,2596,NS5A
LK008A,NS5A-93,6531,2551,NS5A
LK008A,NS5B-159,8094,2767,NS5A
LK008A,NS5B-282,8463,6898,NS5B
LK008A,NS5B-321,8580,8003,NS5B
LK008B,NS5A-28,6336,1451,NS5A
LK008B,NS5A-30,6342,1560,NS5A
LK008B,NS5A-31,6345,1622,NS5A
LK008B,NS5A-32,6348,1624,NS5A
LK008B,NS5A-93,6531,1556,NS5A
LK008B,NS5B-159,8094,1854,NS5A
LK008B,NS5B-282,8463,8036,NS5B
LK008B,NS5B-321,8580,8029,NS5B
LK013A,NS5A-28,6336,1873,NS5A
LK013A,NS5A-30,6342,2002,NS5A
LK013A,NS5A-31,6345,2074,NS5A
LK013A,NS5A-32,6348,2070,NS5A
LK013A,NS5A-93,6531,2225,NS5A
LK013A,NS5B-159,8094,2839,NS5A
LK013A,NS5B-282,8463,2927,NS5B
LK013A,NS5B-321,8580,3267,NS5B
LK013B,NS5A-28,6336,2219,NS5A
LK013B,NS5A-30,6342,2369,NS5A
LK013B,NS5A-31,6345,2496,NS5A
LK013B,NS5A-32,6348,2484,NS5A
LK013B,NS5A-93,6531,2350,NS5A
LK013B,NS5B-159,8094,3442,NS5A
LK013B,NS5B-282,8463,8038,NS5B
LK013B,NS5B-321,8580,7063,NS5B
LK016A,NS5A-28,6336,280,NS5A
LK016A,NS5A-30,6342,295,NS5A
LK016A,NS5A-31,6345,315,NS5A
LK016A,NS5A-32,6348,321,NS5A
LK016A,NS5A-93,6531,297,NS5A
LK016A,NS5B-159,8094,291,NS5A
LK016A,NS5B-282,8463,6232,NS5B
LK016A,NS5B-321,8580,5060,NS5B
LK016B,NS5A-28,6336,1549,NS5A
LK016B,NS5A-30,6342,1614,NS5A
LK016B,NS5A-31,6345,1660,NS5A
LK016B,NS5A-32,6348,1670,NS5A
LK016B,NS5A-93,6531,1848,NS5A
LK016B,NS5B-159,8094,2311,NS5A
LK016B,NS5B-282,8463,7229,NS5B
LK016B,NS5B-321,8580,6983,NS5B
LS003A,NS5A-28,6336,2744,NS5A
LS003A,NS5A-30,6342,2986,NS5A
LS003A,NS5A-31,6345,3096,NS5A
LS003A,NS5A-32,6348,3114,NS5A
LS003A,NS5A-93,6531,2464,NS5A
LS003A,NS5B-159,8094,3249,NS5A
LS003A,NS5B-282,8463,8011,NS5B
LS003A,NS5B-321,8580,6091,NS5B
LS003B,NS5A-28,6336,2046,NS5A
LS003B,NS5A-30,6342,2206,NS5A
LS003B,NS5A-31,6345,2290,NS5A
LS003B,NS5A-32,6348,2299,NS5A
LS003B,NS5A-93,6531,2127,NS5A
LS003B,NS5B-159,8094,2580,NS5A
LS003B,NS5B-282,8463,7558,NS5B
LS003B,NS5B-321,8580,5444,NS5B
LS007A,NS5A-28,6336,2149,NS5A
LS007A,NS5A-30,6342,2324,NS5A
LS007A,NS5A-31,6345,2413,NS5A
LS007A,NS5A-32,6348,2418,NS5A
LS007A,NS5A-93,6531,2134,NS5A
LS007A,NS5B-159,8094,2553,NS5A
LS007A,NS5B-282,8463,5592,NS5B
LS007A,NS5B-321,8580,7363,NS5B
LS007B,NS5A-28,6336,1451,NS5A
LS007B,NS5A-30,6342,1591,NS5A
LS007B,NS5A-31,6345,1653,NS5A
LS007B,NS5A-32,6348,1668,NS5A
LS007B,NS5A-93,6531,1575,NS5A
LS007B,NS5B-159,8094,2225,NS5A
LS007B,NS5B-282,8463,7582,NS5B
LS007B,NS5B-321,8580,6444,NS5B
LS019A,NS5A-28,6336,3163,NS5A
LS019A,NS5A-30,6342,3466,NS5A
LS019A,NS5A-31,6345,3612,NS5A
LS019A,NS5A-32,6348,3630,NS5A
LS019A,NS5A-93,6531,2482,NS5A
LS019A,NS5B-159,8094,1935,NS5A
LS019A,NS5B-282,8463,5161,NS5B
LS019A,NS5B-321,8580,4978,NS5B
LS019B,NS5A-28,6336,3662,NS5A
LS019B,NS5A-30,6342,4003,NS5A
LS019B,NS5A-31,6345,4187,NS5A
LS019B,NS5A-32,6348,4201,NS5A
LS019B,NS5A-93,6531,3035,NS5A
LS019B,NS5B-159,8094,2113,NS5A
LS019B,NS5B-282,8463,5285,NS5B
LS019B,NS5B-321,8580,4363,NS5B
LS020A,NS5A-28,6336,2024,NS5A
LS020A,NS5A-30,6342,2146,NS5A
LS020A,NS5A-31,6345,2178,NS5A
LS020A,NS5A-32,6348,2191,NS5A
LS020A,NS5A-93,6531,1758,NS5A
LS020A,NS5B-159,8094,5585,NS5A
LS020A,NS5B-282,8463,7452,NS5B
LS020A,NS5B-321,8580,7750,NS5B
LS020B,NS5A-28,6336,2210,NS5A
LS020B,NS5A-30,6342,2339,NS5A
LS020B,NS5A-31,6345,2480,NS5A
LS020B,NS5A-32,6348,2497,NS5A
LS020B,NS5A-93,6531,2638,NS5A
LS020B,NS5B-159,8094,3620,NS5A
LS020B,NS5B-282,8463,7683,NS5B
LS020B,NS5B-321,8580,6270,NS5B
LS031A,NS5A-28,6336,1629,NS5A
LS031A,NS5A-30,6342,1754,NS5A
LS031A,NS5A-31,6345,1808,NS5A
LS031A,NS5A-32,6348,1819,NS5A
LS031A,NS5A-93,6531,1858,NS5A
LS031A,NS5B-159,8094,2652,NS5A
LS031A,NS5B-282,8463,8034,NS5B
LS031A,NS5B-321,8580,5862,NS5B
LS031B,NS5A-28,6336,1948,NS5A
LS031B,NS5A-30,6342,2053,NS5A
LS031B,NS5A-31,6345,2128,NS5A
LS031B,NS5A-32,6348,2141,NS5A
LS031B,NS5A-93,6531,2165,NS5A
LS031B,NS5B-159,8094,2855,NS5A
LS031B,NS5B-282,8463,8046,NS5B
LS031B,NS5B-321,8580,8004,NS5B
LS032A,NS5A-28,6336,1836,NS5A
LS032A,NS5A-30,6342,1970,NS5A
LS032A,NS5A-31,6345,2047,NS5A
LS032A,NS5A-32,6348,2052,NS5A
LS032A,NS5A-93,6531,1727,NS5A
LS032A,NS5B-159,8094,3509,NS5A
LS032A,NS5B-282,8463,4387,NS5B
LS032A,NS5B-321,8580,3931,NS5B
LS032B,NS5A-28,6336,1573,NS5A
LS032B,NS5A-30,6342,1698,NS5A
LS032B,NS5A-31,6345,1768,NS5A
LS032B,NS5A-32,6348,1770,NS5A
LS032B,NS5A-93,6531,1595,NS5A
LS032B,NS5B-159,8094,2380,NS5A
LS032B,NS5B-282,8463,8046,NS5B
LS032B,NS5B-321,8580,8010,NS5B
LS033A,NS5A-28,6336,2587,NS5A
LS033A,NS5A-30,6342,2698,NS5A
LS033A,NS5A-31,6345,2764,NS5A
LS033A,NS5A-32,6348,2783,NS5A
LS033A,NS5A-93,6531,2846,NS5A
LS033A,NS5B-159,8094,3449,NS5A
LS033A,NS5B-282,8463,7855,NS5B
LS033A,NS5B-321,8580,7294,NS5B
LS033B,NS5A-28,6336,2691,NS5A
LS033B,NS5A-30,6342,2904,NS5A
LS033B,NS5A-31,6345,3005,NS5A
LS033B,NS5A-32,6348,3005,NS5A
LS033B,NS5A-93,6531,2440,NS5A
LS033B,NS5B-159,8094,2231,NS5A
LS033B,NS5B-282,8463,6312,NS5B
LS033B,NS5B-321,8580,6743,NS5B
LS038A,NS5A-28,6336,946,NS5A
LS038A,NS5A-30,6342,1016,NS5A
LS038A,NS5A-31,6345,1059,NS5A
LS038A,NS5A-32,6348,1067,NS5A
LS038A,NS5A-93,6531,1059,NS5A
LS038A,NS5B-159,8094,997,NS5A
LS038A,NS5B-282,8463,2930,NS5B
LS038A,NS5B-321,8580,2547,NS5B
LS038B,NS5A-28,6336,770,NS5A
LS038B,NS5A-30,6342,828,NS5A
LS038B,NS5A-31,6345,858,NS5A
LS038B,NS5A-32,6348,862,NS5A
LS038B,NS5A-93,6531,871,NS5A
LS038B,NS5B-159,8094,1805,NS5A
LS038B,NS5B-282,8463,4160,NS5B
LS038B,NS5B-321,8580,3752,NS5B
LS050A,NS5A-28,6336,1826,NS5A
LS050A,NS5A-30,6342,1936,NS5A
LS050A,NS5A-31,6345,2049,NS5A
LS050A,NS5A-32,6348,2077,NS5A
LS050A,NS5A-93,6531,2497,NS5A
LS050A,NS5B-159,8094,2956,NS5A
LS050A,NS5B-282,8463,3323,NS5B
LS050A,NS5B-321,8580,2956,NS5B
LS050B,NS5A-28,6336,1604,NS5A
LS050B,NS5A-30,6342,1723,NS5A
LS050B,NS5A-31,6345,1832,NS5A
LS050B,NS5A-32,6348,1841,NS5A
LS050B,NS5A-93,6531,1780,NS5A
LS050B,NS5B-159,8094,3404,NS5A
LS050B,NS5B-282,8463,7388,NS5B
LS050B,NS5B-321,8580,6033,NS5B
NP026A,NS5A-28,6336,4469,NS5A
NP026A,NS5A-30,6342,4860,NS5A
NP026A,NS5A-31,6345,5062,NS5A
NP026A,NS5A-32,6348,5106,NS5A
NP026A,NS5A-93,6531,4065,NS5A
NP026A,NS5B-159,8094,5004,NS5A
NP026A,NS5B-282,8463,4261,NS5B
NP026A,NS5B-321,8580,3905,NS5B
NP026B,NS5A-28,6336,2870,NS5A
NP026B,NS5A-30,6342,3093,NS5A
NP026B,NS5A-31,6345,3241,NS5A
NP026B,NS5A-32,6348,3272,NS5A
NP026B,NS5A-93,6531,3201,NS5A
NP026B,NS5B-159,8094,8046,NS5A
NP026B,NS5B-282,8463,6844,NS5B
NP026B,NS5B-321,8580,5406,NS5B
NP027A,NS5A-28,6336,3928,NS5A
NP027A,NS5A-30,6342,4055,NS5A
NP027A,NS5A-31,6345,4241,NS5A
NP027A,NS5A-32,6348,4282,NS5A
NP027A,NS5A-93,6531,3547,NS5A
NP027A,NS5B-159,8094,2348,NS5A
NP027A,NS5B-282,8463,773,NS5B
NP027A,NS5B-321,8580,640,NS5B
NP027B,NS5A-28,6336,3023,NS5A
NP027B,NS5A-30,6342,3176,NS5A
NP027B,NS5A-31,6345,3330,NS5A
NP027B,NS5A-32,6348,3355,NS5A
NP027B,NS5A-93,6531,3152,NS5A
NP027B,NS5B-159,8094,4375,NS5A
NP027B,NS5B-282,8463,4126,NS5B
NP027B,NS5B-321,8580,4097,NS5B
NP029A,NS5A-28,6336,3033,NS5A
NP029A,NS5A-30,6342,3374,NS5A
NP029A,NS5A-31,6345,3513,NS5A
NP029A,NS5A-32,6348,3527,NS5A
NP029A,NS5A-93,6531,2888,NS5A
NP029A,NS5B-159,8094,5520,NS5A
NP029A,NS5B-282,8463,2695,NS5B
NP029A,NS5B-321,8580,2784,NS5B
NP029B,NS5A-28,6336,2071,NS5A
NP029B,NS5A-30,6342,2285,NS5A
NP029B,NS5A-31,6345,2346,NS5A
NP029B,NS5A-32,6348,2362,NS5A
NP029B,NS5A-93,6531,3135,NS5A
NP029B,NS5B-159,8094,3544,NS5A
NP029B,NS5B-282,8463,3660,NS5B
NP029B,NS5B-321,8580,3034,NS5B
NP030A,NS5A-28,6336,2923,NS5A
NP030A,NS5A-30,6342,3161,NS5A
NP030A,NS5A-31,6345,3257,NS5A
NP030A,NS5A-32,6348,3286,NS5A
NP030A,NS5A-93,6531,2552,NS5A
NP030A,NS5B-159,8094,5144,NS5A
NP030A,NS5B-282,8463,4165,NS5B
NP030A,NS5B-321,8580,4243,NS5B
NP030B,NS5A-28,6336,4081,NS5A
NP030B,NS5A-30,6342,4348,NS5A
NP030B,NS5A-31,6345,4497,NS5A
NP030B,NS5A-32,6348,4519,NS5A
NP030B,NS5A-93,6531,3338,NS5A
NP030B,NS5B-159,8094,4740,NS5A
NP030B,NS5B-282,8463,6278,NS5B
NP030B,NS5B-321,8580,6023,NS5B
NP031A,NS5A-28,6336,2475,NS5A
NP031A,NS5A-30,6342,2657,NS5A
NP031A,NS5A-31,6345,2713,NS5A
NP031A,NS5A-32,6348,2722,NS5A
NP031A,NS5A-93,6531,2738,NS5A
NP031A,NS5B-159,8094,4125,NS5A
NP031A,NS5B-282,8463,7582,NS5B
NP031A,NS5B-321,8580,6312,NS5B
NP031B,NS5A-28,6336,3561,NS5A
NP031B,NS5A-30,6342,3803,NS5A
NP031B,NS5A-31,6345,3996,NS5A
NP031B,NS5A-32,6348,4010,NS5A
NP031B,NS5A-93,6531,3404,NS5A
NP031B,NS5B-159,8094,4875,NS5A
NP031B,NS5B-282,8463,5053,NS5B
NP031B,NS5B-321,8580,3581,NS5B
NP032A,NS5A-28,6336,4105,NS5A
NP032A,NS5A-30,6342,4345,NS5A
NP032A,NS5A-31,6345,4524,NS5A
NP032A,NS5A-32,6348,4557,NS5A
NP032A,NS5A-93,6531,4594,NS5A
NP032A,NS5B-159,8094,5429,NS5A
NP032A,NS5B-282,8463,4615,NS5B
NP032A,NS5B-321,8580,4111,NS5B
NP032B,NS5A-28,6336,4312,NS5A
NP032B,NS5A-30,6342,4522,NS5A
NP032B,NS5A-31,6345,4655,NS5A
NP032B,NS5A-32,6348,4658,NS5A
NP032B,NS5A-93,6531,5469,NS5A
NP032B,NS5B-159,8094,5951,NS5A
NP032B,NS5B-282,8463,8006,NS5B
NP032B,NS5B-321,8580,5364,NS5B
NP033A,NS5A-28,6336,3833,NS5A
NP033A,NS5A-30,6342,3904,NS5A
NP033A,NS5A-31,6345,4238,NS5A
NP033A,NS5A-32,6348,4282,NS5A
NP033A,NS5A-93,6531,3385,NS5A
NP033A,NS5B-159,8094,5947,NS5A
NP033A,NS5B-282,8463,4195,NS5B
NP033A,NS5B-321,8580,4393,NS5B
NP033B,NS5A-28,6336,4034,NS5A
NP033B,NS5A-30,6342,4370,NS5A
NP033B,NS5A-31,6345,4613,NS5A
NP033B,NS5A-32,6348,4646,NS5A
NP033B,NS5A-93,6531,3676,NS5A
NP033B,NS5B-159,8094,6138,NS5A
NP033B,NS5B-282,8463,2869,NS5B
NP033B,NS5B-321,8580,2900,NS5B
NP035A,NS5A-28,6336,3710,NS5A
NP035A,NS5A-30,6342,3986,NS5A
NP035A,NS5A-31,6345,4221,NS5A
NP035A,NS5A-32,6348,4241,NS5A
NP035A,NS5A-93,6531,3856,NS5A
NP035A,NS5B-159,8094,2263,NS5A
NP035A,NS5B-282,8463,2456,NS5B
NP035A,NS5B-321,8580,3014,NS5B
NP035B,NS5A-28,6336,3065,NS5A
NP035B,NS5A-30,6342,3294,NS5A
NP035B,NS5A-31,6345,3493,NS5A
NP035B,NS5A-32,6348,3505,NS5A
NP035B,NS5A-93,6531,3610,NS5A
NP035B,NS5B-159,8094,1765,NS5A
NP035B,NS5B-282,8463,5159,NS5B
NP035B,NS5B-321,8580,5646,NS5B
NP039A,NS5A-28,6336,3904,NS5A
NP039A,NS5A-30,6342,4288,NS5A
NP039A,NS5A-31,6345,4441,NS5A
NP039A,NS5A-32,6348,4471,NS5A
NP039A,NS5A-93,6531,3959,NS5A
NP039A,NS5B-159,8094,5467,NS5A
NP039A,NS5B-282,8463,6163,NS5B
NP039A,NS5B-321,8580,4976,NS5B
NP039B,NS5A-28,6336,3079,NS5A
NP039B,NS5A-30,6342,3415,NS5A
NP039B,NS5A-31,6345,3529,NS5A
NP039B,NS5A-32,6348,3559,NS5A
NP039B,NS5A-93,6531,3134,NS5A
NP039B,NS5B-159,8094,5388,NS5A
NP039B,NS5B-282,8463,5113,NS5B
NP039B,NS5B-321,8580,4409,NS5B
NP040A,NS5A-28,6336,4058,NS5A
NP040A,NS5A-30,6342,4450,NS5A
NP040A,NS5A-31,6345,4655,NS5A
NP040A,NS5A-32,6348,4712,NS5A
NP040A,NS5A-93,6531,4070,NS5A
NP040A,NS5B-159,8094,5905,NS5A
NP040A,NS5B-282,8463,4751,NS5B
NP040A,NS5B-321,8580,4080,NS5B
NP040B,NS5A-28,6336,4091,NS5A
NP040B,NS5A-30,6342,4348,NS5A
NP040B,NS5A-31,6345,4542,NS5A
NP040B,NS5A-32,6348,4583,NS5A
NP040B,NS5A-93,6531,3357,NS5A
NP040B,NS5B-159,8094,5252,NS5A
NP040B,NS5B-282,8463,4622,NS5B
NP040B,NS5B-321,8580,3994,NS5B
NP044A,NS5A-28,6336,3849,NS5A
NP044A,NS5A-30,6342,4215,NS5A
NP044A,NS5A-31,6345,4400,NS5A
NP044A,NS5A-32,6348,4432,NS5A
NP044A,NS5A-93,6531,3522,NS5A
NP044A,NS5B-159,8094,2561,NS5A
NP044A,NS5B-282,8463,6124,NS5B
NP044A,NS5B-321,8580,5132,NS5B
NP044B,NS5A-28,6336,2490,NS5A
NP044B,NS5A-30,6342,2691,NS5A
NP044B,NS5A-31,6345,2730,NS5A
NP044B,NS5A-32,6348,2742,NS5A
NP044B,NS5A-93,6531,2829,NS5A
NP044B,NS5B-159,8094,4425,NS5A
NP044B,NS5B-282,8463,6427,NS5B
NP044B,NS5B-321,8580,5029,NS5B
NP045A,NS5A-28,6336,2109,NS5A
NP045A,NS5A-30,6342,2254,NS5A
NP045A,NS5A-31,6345,2374,NS5A
NP045A,NS5A-32,6348,2380,NS5A
NP045A,NS5A-93,6531,2247,NS5A
NP045A,NS5B-159,8094,3106,NS5A
NP045A,NS5B-282,8463,6011,NS5B
NP045A,NS5B-321,8580,4222,NS5B
NP045B,NS5A-28,6336,2210,NS5A
NP045B,NS5A-30,6342,2348,NS5A
NP045B,NS5A-31,6345,2465,NS5A
NP045B,NS5A-32,6348,2470,NS5A
NP045B,NS5A-93,6531,2224,NS5A
NP045B,NS5B-159,8094,2685,NS5A
NP045B,NS5B-282,8463,7630,NS5B
NP045B,NS5B-321,8580,6140,NS5B
PB026A,NS5A-28,6336,3490,NS5A
PB026A,NS5A-30,6342,3746,NS5A
PB026A,NS5A-31,6345,3872,NS5A
PB026A,NS5A-32,6348,3851,NS5A
PB026A,NS5A-93,6531,2759,NS5A
PB026A,NS5B-159,8094,3867,NS5A
PB026A,NS5B-282,8463,5018,NS5B
PB026A,NS5B-321,8580,5511,NS5B
PB026B,NS5A-28,6336,4545,NS5A
PB026B,NS5A-30,6342,5014,NS5A
PB026B,NS5A-31,6345,5214,NS5A
PB026B,NS5A-32,6348,5251,NS5A
PB026B,NS5A-93,6531,4223,NS5A
PB026B,NS5B-159,8094,6386,NS5A
PB026B,NS5B-282,8463,3055,NS5B
PB026B,NS5B-321,8580,3719,NS5B
PB027A,NS5A-28,6336,3514,NS5A
PB027A,NS5A-30,6342,3711,NS5A
PB027A,NS5A-31,6345,3825,NS5A
PB027A,NS5A-32,6348,3853,NS5A
PB027A,NS5A-93,6531,3524,NS5A
PB027A,NS5B-159,8094,4894,NS5A
PB027A,NS5B-282,8463,3291,NS5B
PB027A,NS5B-321,8580,3256,NS5B
PB027B,NS5A-28,6336,3271,NS5A
PB027B,NS5A-30,6342,3393,NS5A
PB027B,NS5A-31,6345,3548,NS5A
PB027B,NS5A-32,6348,3558,NS5A
PB027B,NS5A-93,6531,3669,NS5A
PB027B,NS5B-159,8094,1793,NS5A
PB027B,NS5B-282,8463,5027,NS5B
PB027B,NS5B-321,8580,4180,NS5B
PB029A,NS5A-28,6336,2598,NS5A
PB029A,NS5A-30,6342,2750,NS5A
PB029A,NS5A-31,6345,2889,NS5A
PB029A,NS5A-32,6348,2899,NS5A
PB029A,NS5A-93,6531,2472,NS5A
PB029A,NS5B-159,8094,1981,NS5A
PB029A,NS5B-282,8463,4105,NS5B
PB029A,NS5B-321,8580,4297,NS5B
PB029B,NS5A-28,6336,3284,NS5A
PB029B,NS5A-30,6342,3536,NS5A
PB029B,NS5A-31,6345,3683,NS5A
PB029B,NS5A-32,6348,3714,NS5A
PB029B,NS5A-93,6531,3084,NS5A
PB029B,NS5B-159,8094,7992,NS5A
PB029B,NS5B-282,8463,4543,NS5B
PB029B,NS5B-321,8580,4022,NS5B
PB031A,NS5A-28,6336,1669,NS5A
PB031A,NS5A-30,6342,1838,NS5A
PB031A,NS5A-31,6345,1908,NS5A
PB031A,NS5A-32,6348,1916,NS5A
PB031A,NS5A-93,6531,1363,NS5A
PB031A,NS5B-159,8094,1906,NS5A
PB031A,NS5B-282,8463,4723,NS5B
PB031A,NS5B-321,8580,4559,NS5B
PB031B,NS5A-28,6336,2859,NS5A
PB031B,NS5A-30,6342,3207,NS5A
PB031B,NS5A-31,6345,3306,NS5A
PB031B,NS5A-32,6348,3325,NS5A
PB031B,NS5A-93,6531,2322,NS5A
PB031B,NS5B-159,8094,1585,NS5A
PB031B,NS5B-282,8463,7382,NS5B
PB031B,NS5B-321,8580,6320,NS5B
ST003A,NS5A-28,6336,1900,NS5A
ST003A,NS5A-30,6342,1907,NS5A
ST003A,NS5A-31,6345,2044,NS5A
ST003A,NS5A-32,6348,2076,NS5A
ST003A,NS5A-93,6531,1957,NS5A
ST003A,NS5B-159,8094,2952,NS5A
ST003A,NS5B-282,8463,5779,NS5B
ST003A,NS5B-321,8580,5162,NS5B
ST003B,NS5A-28,6336,1953,NS5A
ST003B,NS5A-30,6342,1965,NS5A
ST003B,NS5A-31,6345,2211,NS5A
ST003B,NS5A-32,6348,2224,NS5A
ST003B,NS5A-93,6531,2155,NS5A
ST003B,NS5B-159,8094,3110,NS5A
ST003B,NS5B-282,8463,5121,NS5B
ST003B,NS5B-321,8580,5201,NS5B
