accession	study	object_status	bioproject_accession	biosample_accession	sample_name	library_ID	title	library_strategy	library_source	library_selection	library_layout	platform	instrument_model	design_description	filetype	filename	filename2	filename3	filename4	assembly	fasta_file
SRR40369478	SRP731023	new	PRJNA1519094	SAMN62712413	LK008A	LK008A_NS5A	HCV subtype 6f NS5A amplicon, LK008, virological failure	AMPLICON	VIRAL RNA	PCR	paired	ILLUMINA	Illumina MiSeq	Semi-nested RT-PCR of the NS5A gene from serum-derived viral RNA using subtype-matched primers, followed by paired-end sequencing. Reads were aligned to hepatitis C virus subtype 6f reference DQ835760.1.	bam	LK008A_NS5A.bam					DQ835760.1.fasta
SRR40369477	SRP731023	new	PRJNA1519094	SAMN62712413	LK008A	LK008A_NS5B	HCV subtype 6f NS5B amplicon, LK008, virological failure	AMPLICON	VIRAL RNA	PCR	paired	ILLUMINA	Illumina MiSeq	Semi-nested RT-PCR of the NS5B gene from serum-derived viral RNA using subtype-matched primers, followed by paired-end sequencing. Reads were aligned to hepatitis C virus subtype 6f reference DQ835760.1.	bam	LK008A_NS5B.bam					DQ835760.1.fasta
SRR40369450	SRP731023	new	PRJNA1519094	SAMN62712414	LK008B	LK008B_NS5A	HCV subtype 6f NS5A amplicon, LK008, pre-treatment	AMPLICON	VIRAL RNA	PCR	paired	ILLUMINA	Illumina MiSeq	Semi-nested RT-PCR of the NS5A gene from serum-derived viral RNA using subtype-matched primers, followed by paired-end sequencing. Reads were aligned to hepatitis C virus subtype 6f reference DQ835760.1.	bam	LK008B_NS5A.bam					DQ835760.1.fasta
SRR40369439	SRP731023	new	PRJNA1519094	SAMN62712414	LK008B	LK008B_NS5B	HCV subtype 6f NS5B amplicon, LK008, pre-treatment	AMPLICON	VIRAL RNA	PCR	paired	ILLUMINA	Illumina MiSeq	Semi-nested RT-PCR of the NS5B gene from serum-derived viral RNA using subtype-matched primers, followed by paired-end sequencing. Reads were aligned to hepatitis C virus subtype 6f reference DQ835760.1.	bam	LK008B_NS5B.bam					DQ835760.1.fasta
SRR40369404	SRP731023	new	PRJNA1519094	SAMN62712415	LK013A	LK013A_NS5A	HCV subtype 6f NS5A amplicon, LK013, virological failure	AMPLICON	VIRAL RNA	PCR	paired	ILLUMINA	Illumina MiSeq	Semi-nested RT-PCR of the NS5A gene from serum-derived viral RNA using subtype-matched primers, followed by paired-end sequencing. Reads were aligned to hepatitis C virus subtype 6f reference DQ835760.1.	bam	LK013A_NS5A.bam					DQ835760.1.fasta
SRR40369393	SRP731023	new	PRJNA1519094	SAMN62712415	LK013A	LK013A_NS5B	HCV subtype 6f NS5B amplicon, LK013, virological failure	AMPLICON	VIRAL RNA	PCR	paired	ILLUMINA	Illumina MiSeq	Semi-nested RT-PCR of the NS5B gene from serum-derived viral RNA using subtype-matched primers, followed by paired-end sequencing. Reads were aligned to hepatitis C virus subtype 6f reference DQ835760.1.	bam	LK013A_NS5B.bam					DQ835760.1.fasta
SRR40369430	SRP731023	new	PRJNA1519094	SAMN62712416	LK013B	LK013B_NS5A	HCV subtype 6f NS5A amplicon, LK013, pre-treatment	AMPLICON	VIRAL RNA	PCR	paired	ILLUMINA	Illumina MiSeq	Semi-nested RT-PCR of the NS5A gene from serum-derived viral RNA using subtype-matched primers, followed by paired-end sequencing. Reads were aligned to hepatitis C virus subtype 6f reference DQ835760.1.	bam	LK013B_NS5A.bam					DQ835760.1.fasta
SRR40369419	SRP731023	new	PRJNA1519094	SAMN62712416	LK013B	LK013B_NS5B	HCV subtype 6f NS5B amplicon, LK013, pre-treatment	AMPLICON	VIRAL RNA	PCR	paired	ILLUMINA	Illumina MiSeq	Semi-nested RT-PCR of the NS5B gene from serum-derived viral RNA using subtype-matched primers, followed by paired-end sequencing. Reads were aligned to hepatitis C virus subtype 6f reference DQ835760.1.	bam	LK013B_NS5B.bam					DQ835760.1.fasta
SRR40369408	SRP731023	new	PRJNA1519094	SAMN62712417	LK016A	LK016A_NS5A	HCV subtype 6f NS5A amplicon, LK016, virological failure	AMPLICON	VIRAL RNA	PCR	paired	ILLUMINA	Illumina MiSeq	Semi-nested RT-PCR of the NS5A gene from serum-derived viral RNA using subtype-matched primers, followed by paired-end sequencing. Reads were aligned to hepatitis C virus subtype 6f reference DQ835760.1.	bam	LK016A_NS5A.bam					DQ835760.1.fasta
SRR40369373	SRP731023	new	PRJNA1519094	SAMN62712417	LK016A	LK016A_NS5B	HCV subtype 6f NS5B amplicon, LK016, virological failure	AMPLICON	VIRAL RNA	PCR	paired	ILLUMINA	Illumina MiSeq	Semi-nested RT-PCR of the NS5B gene from serum-derived viral RNA using subtype-matched primers, followed by paired-end sequencing. Reads were aligned to hepatitis C virus subtype 6f reference DQ835760.1.	bam	LK016A_NS5B.bam					DQ835760.1.fasta
SRR40369476	SRP731023	new	PRJNA1519094	SAMN62712418	LK016B	LK016B_NS5A	HCV subtype 6f NS5A amplicon, LK016, pre-treatment	AMPLICON	VIRAL RNA	PCR	paired	ILLUMINA	Illumina MiSeq	Semi-nested RT-PCR of the NS5A gene from serum-derived viral RNA using subtype-matched primers, followed by paired-end sequencing. Reads were aligned to hepatitis C virus subtype 6f reference DQ835760.1.	bam	LK016B_NS5A.bam					DQ835760.1.fasta
SRR40369465	SRP731023	new	PRJNA1519094	SAMN62712418	LK016B	LK016B_NS5B	HCV subtype 6f NS5B amplicon, LK016, pre-treatment	AMPLICON	VIRAL RNA	PCR	paired	ILLUMINA	Illumina MiSeq	Semi-nested RT-PCR of the NS5B gene from serum-derived viral RNA using subtype-matched primers, followed by paired-end sequencing. Reads were aligned to hepatitis C virus subtype 6f reference DQ835760.1.	bam	LK016B_NS5B.bam					DQ835760.1.fasta
SRR40369458	SRP731023	new	PRJNA1519094	SAMN62712419	LS003A	LS003A_NS5A	HCV subtype 6f NS5A amplicon, LS003, virological failure	AMPLICON	VIRAL RNA	PCR	paired	ILLUMINA	Illumina MiSeq	Semi-nested RT-PCR of the NS5A gene from serum-derived viral RNA using subtype-matched primers, followed by paired-end sequencing. Reads were aligned to hepatitis C virus subtype 6f reference DQ835760.1.	bam	LS003A_NS5A.bam					DQ835760.1.fasta
SRR40369457	SRP731023	new	PRJNA1519094	SAMN62712419	LS003A	LS003A_NS5B	HCV subtype 6f NS5B amplicon, LS003, virological failure	AMPLICON	VIRAL RNA	PCR	paired	ILLUMINA	Illumina MiSeq	Semi-nested RT-PCR of the NS5B gene from serum-derived viral RNA using subtype-matched primers, followed by paired-end sequencing. Reads were aligned to hepatitis C virus subtype 6f reference DQ835760.1.	bam	LS003A_NS5B.bam					DQ835760.1.fasta
SRR40369456	SRP731023	new	PRJNA1519094	SAMN62712420	LS003B	LS003B_NS5A	HCV subtype 6f NS5A amplicon, LS003, pre-treatment	AMPLICON	VIRAL RNA	PCR	paired	ILLUMINA	Illumina MiSeq	Semi-nested RT-PCR of the NS5A gene from serum-derived viral RNA using subtype-matched primers, followed by paired-end sequencing. Reads were aligned to hepatitis C virus subtype 6f reference DQ835760.1.	bam	LS003B_NS5A.bam					DQ835760.1.fasta
SRR40369455	SRP731023	new	PRJNA1519094	SAMN62712420	LS003B	LS003B_NS5B	HCV subtype 6f NS5B amplicon, LS003, pre-treatment	AMPLICON	VIRAL RNA	PCR	paired	ILLUMINA	Illumina MiSeq	Semi-nested RT-PCR of the NS5B gene from serum-derived viral RNA using subtype-matched primers, followed by paired-end sequencing. Reads were aligned to hepatitis C virus subtype 6f reference DQ835760.1.	bam	LS003B_NS5B.bam					DQ835760.1.fasta
SRR40369454	SRP731023	new	PRJNA1519094	SAMN62712421	LS007A	LS007A_NS5A	HCV subtype 6f NS5A amplicon, LS007, virological failure	AMPLICON	VIRAL RNA	PCR	paired	ILLUMINA	Illumina MiSeq	Semi-nested RT-PCR of the NS5A gene from serum-derived viral RNA using subtype-matched primers, followed by paired-end sequencing. Reads were aligned to hepatitis C virus subtype 6f reference DQ835760.1.	bam	LS007A_NS5A.bam					DQ835760.1.fasta
SRR40369453	SRP731023	new	PRJNA1519094	SAMN62712421	LS007A	LS007A_NS5B	HCV subtype 6f NS5B amplicon, LS007, virological failure	AMPLICON	VIRAL RNA	PCR	paired	ILLUMINA	Illumina MiSeq	Semi-nested RT-PCR of the NS5B gene from serum-derived viral RNA using subtype-matched primers, followed by paired-end sequencing. Reads were aligned to hepatitis C virus subtype 6f reference DQ835760.1.	bam	LS007A_NS5B.bam					DQ835760.1.fasta
SRR40369452	SRP731023	new	PRJNA1519094	SAMN62712422	LS007B	LS007B_NS5A	HCV subtype 6f NS5A amplicon, LS007, pre-treatment	AMPLICON	VIRAL RNA	PCR	paired	ILLUMINA	Illumina MiSeq	Semi-nested RT-PCR of the NS5A gene from serum-derived viral RNA using subtype-matched primers, followed by paired-end sequencing. Reads were aligned to hepatitis C virus subtype 6f reference DQ835760.1.	bam	LS007B_NS5A.bam					DQ835760.1.fasta
SRR40369451	SRP731023	new	PRJNA1519094	SAMN62712422	LS007B	LS007B_NS5B	HCV subtype 6f NS5B amplicon, LS007, pre-treatment	AMPLICON	VIRAL RNA	PCR	paired	ILLUMINA	Illumina MiSeq	Semi-nested RT-PCR of the NS5B gene from serum-derived viral RNA using subtype-matched primers, followed by paired-end sequencing. Reads were aligned to hepatitis C virus subtype 6f reference DQ835760.1.	bam	LS007B_NS5B.bam					DQ835760.1.fasta
SRR40369449	SRP731023	new	PRJNA1519094	SAMN62712423	LS019A	LS019A_NS5A	HCV subtype 6f NS5A amplicon, LS019, virological failure	AMPLICON	VIRAL RNA	PCR	paired	ILLUMINA	Illumina MiSeq	Semi-nested RT-PCR of the NS5A gene from serum-derived viral RNA using subtype-matched primers, followed by paired-end sequencing. Reads were aligned to hepatitis C virus subtype 6f reference DQ835760.1.	bam	LS019A_NS5A.bam					DQ835760.1.fasta
SRR40369448	SRP731023	new	PRJNA1519094	SAMN62712423	LS019A	LS019A_NS5B	HCV subtype 6f NS5B amplicon, LS019, virological failure	AMPLICON	VIRAL RNA	PCR	paired	ILLUMINA	Illumina MiSeq	Semi-nested RT-PCR of the NS5B gene from serum-derived viral RNA using subtype-matched primers, followed by paired-end sequencing. Reads were aligned to hepatitis C virus subtype 6f reference DQ835760.1.	bam	LS019A_NS5B.bam					DQ835760.1.fasta
SRR40369447	SRP731023	new	PRJNA1519094	SAMN62712424	LS019B	LS019B_NS5A	HCV subtype 6f NS5A amplicon, LS019, pre-treatment	AMPLICON	VIRAL RNA	PCR	paired	ILLUMINA	Illumina MiSeq	Semi-nested RT-PCR of the NS5A gene from serum-derived viral RNA using subtype-matched primers, followed by paired-end sequencing. Reads were aligned to hepatitis C virus subtype 6f reference DQ835760.1.	bam	LS019B_NS5A.bam					DQ835760.1.fasta
SRR40369446	SRP731023	new	PRJNA1519094	SAMN62712424	LS019B	LS019B_NS5B	HCV subtype 6f NS5B amplicon, LS019, pre-treatment	AMPLICON	VIRAL RNA	PCR	paired	ILLUMINA	Illumina MiSeq	Semi-nested RT-PCR of the NS5B gene from serum-derived viral RNA using subtype-matched primers, followed by paired-end sequencing. Reads were aligned to hepatitis C virus subtype 6f reference DQ835760.1.	bam	LS019B_NS5B.bam					DQ835760.1.fasta
SRR40369445	SRP731023	new	PRJNA1519094	SAMN62712425	LS020A	LS020A_NS5A	HCV subtype 6f NS5A amplicon, LS020, virological failure	AMPLICON	VIRAL RNA	PCR	paired	ILLUMINA	Illumina MiSeq	Semi-nested RT-PCR of the NS5A gene from serum-derived viral RNA using subtype-matched primers, followed by paired-end sequencing. Reads were aligned to hepatitis C virus subtype 6f reference DQ835760.1.	bam	LS020A_NS5A.bam					DQ835760.1.fasta
SRR40369444	SRP731023	new	PRJNA1519094	SAMN62712425	LS020A	LS020A_NS5B	HCV subtype 6f NS5B amplicon, LS020, virological failure	AMPLICON	VIRAL RNA	PCR	paired	ILLUMINA	Illumina MiSeq	Semi-nested RT-PCR of the NS5B gene from serum-derived viral RNA using subtype-matched primers, followed by paired-end sequencing. Reads were aligned to hepatitis C virus subtype 6f reference DQ835760.1.	bam	LS020A_NS5B.bam					DQ835760.1.fasta
SRR40369443	SRP731023	new	PRJNA1519094	SAMN62712426	LS020B	LS020B_NS5A	HCV subtype 6f NS5A amplicon, LS020, pre-treatment	AMPLICON	VIRAL RNA	PCR	paired	ILLUMINA	Illumina MiSeq	Semi-nested RT-PCR of the NS5A gene from serum-derived viral RNA using subtype-matched primers, followed by paired-end sequencing. Reads were aligned to hepatitis C virus subtype 6f reference DQ835760.1.	bam	LS020B_NS5A.bam					DQ835760.1.fasta
SRR40369442	SRP731023	new	PRJNA1519094	SAMN62712426	LS020B	LS020B_NS5B	HCV subtype 6f NS5B amplicon, LS020, pre-treatment	AMPLICON	VIRAL RNA	PCR	paired	ILLUMINA	Illumina MiSeq	Semi-nested RT-PCR of the NS5B gene from serum-derived viral RNA using subtype-matched primers, followed by paired-end sequencing. Reads were aligned to hepatitis C virus subtype 6f reference DQ835760.1.	bam	LS020B_NS5B.bam					DQ835760.1.fasta
SRR40369441	SRP731023	new	PRJNA1519094	SAMN62712427	LS031A	LS031A_NS5A	HCV subtype 6f NS5A amplicon, LS031, virological failure	AMPLICON	VIRAL RNA	PCR	paired	ILLUMINA	Illumina MiSeq	Semi-nested RT-PCR of the NS5A gene from serum-derived viral RNA using subtype-matched primers, followed by paired-end sequencing. Reads were aligned to hepatitis C virus subtype 6f reference DQ835760.1.	bam	LS031A_NS5A.bam					DQ835760.1.fasta
SRR40369440	SRP731023	new	PRJNA1519094	SAMN62712427	LS031A	LS031A_NS5B	HCV subtype 6f NS5B amplicon, LS031, virological failure	AMPLICON	VIRAL RNA	PCR	paired	ILLUMINA	Illumina MiSeq	Semi-nested RT-PCR of the NS5B gene from serum-derived viral RNA using subtype-matched primers, followed by paired-end sequencing. Reads were aligned to hepatitis C virus subtype 6f reference DQ835760.1.	bam	LS031A_NS5B.bam					DQ835760.1.fasta
SRR40369438	SRP731023	new	PRJNA1519094	SAMN62712428	LS031B	LS031B_NS5A	HCV subtype 6f NS5A amplicon, LS031, pre-treatment	AMPLICON	VIRAL RNA	PCR	paired	ILLUMINA	Illumina MiSeq	Semi-nested RT-PCR of the NS5A gene from serum-derived viral RNA using subtype-matched primers, followed by paired-end sequencing. Reads were aligned to hepatitis C virus subtype 6f reference DQ835760.1.	bam	LS031B_NS5A.bam					DQ835760.1.fasta
SRR40369437	SRP731023	new	PRJNA1519094	SAMN62712428	LS031B	LS031B_NS5B	HCV subtype 6f NS5B amplicon, LS031, pre-treatment	AMPLICON	VIRAL RNA	PCR	paired	ILLUMINA	Illumina MiSeq	Semi-nested RT-PCR of the NS5B gene from serum-derived viral RNA using subtype-matched primers, followed by paired-end sequencing. Reads were aligned to hepatitis C virus subtype 6f reference DQ835760.1.	bam	LS031B_NS5B.bam					DQ835760.1.fasta
SRR40369436	SRP731023	new	PRJNA1519094	SAMN62712429	LS032A	LS032A_NS5A	HCV subtype 6f NS5A amplicon, LS032, virological failure	AMPLICON	VIRAL RNA	PCR	paired	ILLUMINA	Illumina MiSeq	Semi-nested RT-PCR of the NS5A gene from serum-derived viral RNA using subtype-matched primers, followed by paired-end sequencing. Reads were aligned to hepatitis C virus subtype 6f reference DQ835760.1.	bam	LS032A_NS5A.bam					DQ835760.1.fasta
SRR40369435	SRP731023	new	PRJNA1519094	SAMN62712429	LS032A	LS032A_NS5B	HCV subtype 6f NS5B amplicon, LS032, virological failure	AMPLICON	VIRAL RNA	PCR	paired	ILLUMINA	Illumina MiSeq	Semi-nested RT-PCR of the NS5B gene from serum-derived viral RNA using subtype-matched primers, followed by paired-end sequencing. Reads were aligned to hepatitis C virus subtype 6f reference DQ835760.1.	bam	LS032A_NS5B.bam					DQ835760.1.fasta
SRR40369434	SRP731023	new	PRJNA1519094	SAMN62712430	LS032B	LS032B_NS5A	HCV subtype 6f NS5A amplicon, LS032, pre-treatment	AMPLICON	VIRAL RNA	PCR	paired	ILLUMINA	Illumina MiSeq	Semi-nested RT-PCR of the NS5A gene from serum-derived viral RNA using subtype-matched primers, followed by paired-end sequencing. Reads were aligned to hepatitis C virus subtype 6f reference DQ835760.1.	bam	LS032B_NS5A.bam					DQ835760.1.fasta
SRR40369433	SRP731023	new	PRJNA1519094	SAMN62712430	LS032B	LS032B_NS5B	HCV subtype 6f NS5B amplicon, LS032, pre-treatment	AMPLICON	VIRAL RNA	PCR	paired	ILLUMINA	Illumina MiSeq	Semi-nested RT-PCR of the NS5B gene from serum-derived viral RNA using subtype-matched primers, followed by paired-end sequencing. Reads were aligned to hepatitis C virus subtype 6f reference DQ835760.1.	bam	LS032B_NS5B.bam					DQ835760.1.fasta
SRR40369432	SRP731023	new	PRJNA1519094	SAMN62712431	LS033A	LS033A_NS5A	HCV subtype 6f NS5A amplicon, LS033, virological failure	AMPLICON	VIRAL RNA	PCR	paired	ILLUMINA	Illumina MiSeq	Semi-nested RT-PCR of the NS5A gene from serum-derived viral RNA using subtype-matched primers, followed by paired-end sequencing. Reads were aligned to hepatitis C virus subtype 6f reference DQ835760.1.	bam	LS033A_NS5A.bam					DQ835760.1.fasta
SRR40369431	SRP731023	new	PRJNA1519094	SAMN62712431	LS033A	LS033A_NS5B	HCV subtype 6f NS5B amplicon, LS033, virological failure	AMPLICON	VIRAL RNA	PCR	paired	ILLUMINA	Illumina MiSeq	Semi-nested RT-PCR of the NS5B gene from serum-derived viral RNA using subtype-matched primers, followed by paired-end sequencing. Reads were aligned to hepatitis C virus subtype 6f reference DQ835760.1.	bam	LS033A_NS5B.bam					DQ835760.1.fasta
SRR40369406	SRP731023	new	PRJNA1519094	SAMN62712432	LS033B	LS033B_NS5A	HCV subtype 6f NS5A amplicon, LS033, pre-treatment	AMPLICON	VIRAL RNA	PCR	paired	ILLUMINA	Illumina MiSeq	Semi-nested RT-PCR of the NS5A gene from serum-derived viral RNA using subtype-matched primers, followed by paired-end sequencing. Reads were aligned to hepatitis C virus subtype 6f reference DQ835760.1.	bam	LS033B_NS5A.bam					DQ835760.1.fasta
SRR40369405	SRP731023	new	PRJNA1519094	SAMN62712432	LS033B	LS033B_NS5B	HCV subtype 6f NS5B amplicon, LS033, pre-treatment	AMPLICON	VIRAL RNA	PCR	paired	ILLUMINA	Illumina MiSeq	Semi-nested RT-PCR of the NS5B gene from serum-derived viral RNA using subtype-matched primers, followed by paired-end sequencing. Reads were aligned to hepatitis C virus subtype 6f reference DQ835760.1.	bam	LS033B_NS5B.bam					DQ835760.1.fasta
SRR40369403	SRP731023	new	PRJNA1519094	SAMN62712433	LS038A	LS038A_NS5A	HCV subtype 6f NS5A amplicon, LS038, virological failure	AMPLICON	VIRAL RNA	PCR	paired	ILLUMINA	Illumina MiSeq	Semi-nested RT-PCR of the NS5A gene from serum-derived viral RNA using subtype-matched primers, followed by paired-end sequencing. Reads were aligned to hepatitis C virus subtype 6f reference DQ835760.1.	bam	LS038A_NS5A.bam					DQ835760.1.fasta
SRR40369402	SRP731023	new	PRJNA1519094	SAMN62712433	LS038A	LS038A_NS5B	HCV subtype 6f NS5B amplicon, LS038, virological failure	AMPLICON	VIRAL RNA	PCR	paired	ILLUMINA	Illumina MiSeq	Semi-nested RT-PCR of the NS5B gene from serum-derived viral RNA using subtype-matched primers, followed by paired-end sequencing. Reads were aligned to hepatitis C virus subtype 6f reference DQ835760.1.	bam	LS038A_NS5B.bam					DQ835760.1.fasta
SRR40369401	SRP731023	new	PRJNA1519094	SAMN62712434	LS038B	LS038B_NS5A	HCV subtype 6f NS5A amplicon, LS038, pre-treatment	AMPLICON	VIRAL RNA	PCR	paired	ILLUMINA	Illumina MiSeq	Semi-nested RT-PCR of the NS5A gene from serum-derived viral RNA using subtype-matched primers, followed by paired-end sequencing. Reads were aligned to hepatitis C virus subtype 6f reference DQ835760.1.	bam	LS038B_NS5A.bam					DQ835760.1.fasta
SRR40369400	SRP731023	new	PRJNA1519094	SAMN62712434	LS038B	LS038B_NS5B	HCV subtype 6f NS5B amplicon, LS038, pre-treatment	AMPLICON	VIRAL RNA	PCR	paired	ILLUMINA	Illumina MiSeq	Semi-nested RT-PCR of the NS5B gene from serum-derived viral RNA using subtype-matched primers, followed by paired-end sequencing. Reads were aligned to hepatitis C virus subtype 6f reference DQ835760.1.	bam	LS038B_NS5B.bam					DQ835760.1.fasta
SRR40369399	SRP731023	new	PRJNA1519094	SAMN62712435	LS050A	LS050A_NS5A	HCV subtype 6f NS5A amplicon, LS050, virological failure	AMPLICON	VIRAL RNA	PCR	paired	ILLUMINA	Illumina MiSeq	Semi-nested RT-PCR of the NS5A gene from serum-derived viral RNA using subtype-matched primers, followed by paired-end sequencing. Reads were aligned to hepatitis C virus subtype 6f reference DQ835760.1.	bam	LS050A_NS5A.bam					DQ835760.1.fasta
SRR40369398	SRP731023	new	PRJNA1519094	SAMN62712435	LS050A	LS050A_NS5B	HCV subtype 6f NS5B amplicon, LS050, virological failure	AMPLICON	VIRAL RNA	PCR	paired	ILLUMINA	Illumina MiSeq	Semi-nested RT-PCR of the NS5B gene from serum-derived viral RNA using subtype-matched primers, followed by paired-end sequencing. Reads were aligned to hepatitis C virus subtype 6f reference DQ835760.1.	bam	LS050A_NS5B.bam					DQ835760.1.fasta
SRR40369397	SRP731023	new	PRJNA1519094	SAMN62712436	LS050B	LS050B_NS5A	HCV subtype 6f NS5A amplicon, LS050, pre-treatment	AMPLICON	VIRAL RNA	PCR	paired	ILLUMINA	Illumina MiSeq	Semi-nested RT-PCR of the NS5A gene from serum-derived viral RNA using subtype-matched primers, followed by paired-end sequencing. Reads were aligned to hepatitis C virus subtype 6f reference DQ835760.1.	bam	LS050B_NS5A.bam					DQ835760.1.fasta
SRR40369396	SRP731023	new	PRJNA1519094	SAMN62712436	LS050B	LS050B_NS5B	HCV subtype 6f NS5B amplicon, LS050, pre-treatment	AMPLICON	VIRAL RNA	PCR	paired	ILLUMINA	Illumina MiSeq	Semi-nested RT-PCR of the NS5B gene from serum-derived viral RNA using subtype-matched primers, followed by paired-end sequencing. Reads were aligned to hepatitis C virus subtype 6f reference DQ835760.1.	bam	LS050B_NS5B.bam					DQ835760.1.fasta
SRR40369395	SRP731023	new	PRJNA1519094	SAMN62712437	NP026A	NP026A_NS5A	HCV subtype 6f NS5A amplicon, NP026, virological failure	AMPLICON	VIRAL RNA	PCR	paired	ILLUMINA	Illumina MiSeq	Semi-nested RT-PCR of the NS5A gene from serum-derived viral RNA using subtype-matched primers, followed by paired-end sequencing. Reads were aligned to hepatitis C virus subtype 6f reference DQ835760.1.	bam	NP026A_NS5A.bam					DQ835760.1.fasta
SRR40369394	SRP731023	new	PRJNA1519094	SAMN62712437	NP026A	NP026A_NS5B	HCV subtype 6f NS5B amplicon, NP026, virological failure	AMPLICON	VIRAL RNA	PCR	paired	ILLUMINA	Illumina MiSeq	Semi-nested RT-PCR of the NS5B gene from serum-derived viral RNA using subtype-matched primers, followed by paired-end sequencing. Reads were aligned to hepatitis C virus subtype 6f reference DQ835760.1.	bam	NP026A_NS5B.bam					DQ835760.1.fasta
SRR40369392	SRP731023	new	PRJNA1519094	SAMN62712438	NP026B	NP026B_NS5A	HCV subtype 6f NS5A amplicon, NP026, pre-treatment	AMPLICON	VIRAL RNA	PCR	paired	ILLUMINA	Illumina MiSeq	Semi-nested RT-PCR of the NS5A gene from serum-derived viral RNA using subtype-matched primers, followed by paired-end sequencing. Reads were aligned to hepatitis C virus subtype 6f reference DQ835760.1.	bam	NP026B_NS5A.bam					DQ835760.1.fasta
SRR40369391	SRP731023	new	PRJNA1519094	SAMN62712438	NP026B	NP026B_NS5B	HCV subtype 6f NS5B amplicon, NP026, pre-treatment	AMPLICON	VIRAL RNA	PCR	paired	ILLUMINA	Illumina MiSeq	Semi-nested RT-PCR of the NS5B gene from serum-derived viral RNA using subtype-matched primers, followed by paired-end sequencing. Reads were aligned to hepatitis C virus subtype 6f reference DQ835760.1.	bam	NP026B_NS5B.bam					DQ835760.1.fasta
SRR40369390	SRP731023	new	PRJNA1519094	SAMN62712439	NP027A	NP027A_NS5A	HCV subtype 6f NS5A amplicon, NP027, virological failure	AMPLICON	VIRAL RNA	PCR	paired	ILLUMINA	Illumina MiSeq	Semi-nested RT-PCR of the NS5A gene from serum-derived viral RNA using subtype-matched primers, followed by paired-end sequencing. Reads were aligned to hepatitis C virus subtype 6f reference DQ835760.1.	bam	NP027A_NS5A.bam					DQ835760.1.fasta
SRR40369389	SRP731023	new	PRJNA1519094	SAMN62712439	NP027A	NP027A_NS5B	HCV subtype 6f NS5B amplicon, NP027, virological failure	AMPLICON	VIRAL RNA	PCR	paired	ILLUMINA	Illumina MiSeq	Semi-nested RT-PCR of the NS5B gene from serum-derived viral RNA using subtype-matched primers, followed by paired-end sequencing. Reads were aligned to hepatitis C virus subtype 6f reference DQ835760.1.	bam	NP027A_NS5B.bam					DQ835760.1.fasta
SRR40369388	SRP731023	new	PRJNA1519094	SAMN62712440	NP027B	NP027B_NS5A	HCV subtype 6f NS5A amplicon, NP027, pre-treatment	AMPLICON	VIRAL RNA	PCR	paired	ILLUMINA	Illumina MiSeq	Semi-nested RT-PCR of the NS5A gene from serum-derived viral RNA using subtype-matched primers, followed by paired-end sequencing. Reads were aligned to hepatitis C virus subtype 6f reference DQ835760.1.	bam	NP027B_NS5A.bam					DQ835760.1.fasta
SRR40369387	SRP731023	new	PRJNA1519094	SAMN62712440	NP027B	NP027B_NS5B	HCV subtype 6f NS5B amplicon, NP027, pre-treatment	AMPLICON	VIRAL RNA	PCR	paired	ILLUMINA	Illumina MiSeq	Semi-nested RT-PCR of the NS5B gene from serum-derived viral RNA using subtype-matched primers, followed by paired-end sequencing. Reads were aligned to hepatitis C virus subtype 6f reference DQ835760.1.	bam	NP027B_NS5B.bam					DQ835760.1.fasta
SRR40369386	SRP731023	new	PRJNA1519094	SAMN62712441	NP029A	NP029A_NS5A	HCV subtype 6f NS5A amplicon, NP029, virological failure	AMPLICON	VIRAL RNA	PCR	paired	ILLUMINA	Illumina MiSeq	Semi-nested RT-PCR of the NS5A gene from serum-derived viral RNA using subtype-matched primers, followed by paired-end sequencing. Reads were aligned to hepatitis C virus subtype 6f reference DQ835760.1.	bam	NP029A_NS5A.bam					DQ835760.1.fasta
SRR40369385	SRP731023	new	PRJNA1519094	SAMN62712441	NP029A	NP029A_NS5B	HCV subtype 6f NS5B amplicon, NP029, virological failure	AMPLICON	VIRAL RNA	PCR	paired	ILLUMINA	Illumina MiSeq	Semi-nested RT-PCR of the NS5B gene from serum-derived viral RNA using subtype-matched primers, followed by paired-end sequencing. Reads were aligned to hepatitis C virus subtype 6f reference DQ835760.1.	bam	NP029A_NS5B.bam					DQ835760.1.fasta
SRR40369384	SRP731023	new	PRJNA1519094	SAMN62712442	NP029B	NP029B_NS5A	HCV subtype 6f NS5A amplicon, NP029, pre-treatment	AMPLICON	VIRAL RNA	PCR	paired	ILLUMINA	Illumina MiSeq	Semi-nested RT-PCR of the NS5A gene from serum-derived viral RNA using subtype-matched primers, followed by paired-end sequencing. Reads were aligned to hepatitis C virus subtype 6f reference DQ835760.1.	bam	NP029B_NS5A.bam					DQ835760.1.fasta
SRR40369383	SRP731023	new	PRJNA1519094	SAMN62712442	NP029B	NP029B_NS5B	HCV subtype 6f NS5B amplicon, NP029, pre-treatment	AMPLICON	VIRAL RNA	PCR	paired	ILLUMINA	Illumina MiSeq	Semi-nested RT-PCR of the NS5B gene from serum-derived viral RNA using subtype-matched primers, followed by paired-end sequencing. Reads were aligned to hepatitis C virus subtype 6f reference DQ835760.1.	bam	NP029B_NS5B.bam					DQ835760.1.fasta
SRR40369429	SRP731023	new	PRJNA1519094	SAMN62712443	NP030A	NP030A_NS5A	HCV subtype 6f NS5A amplicon, NP030, virological failure	AMPLICON	VIRAL RNA	PCR	paired	ILLUMINA	Illumina MiSeq	Semi-nested RT-PCR of the NS5A gene from serum-derived viral RNA using subtype-matched primers, followed by paired-end sequencing. Reads were aligned to hepatitis C virus subtype 6f reference DQ835760.1.	bam	NP030A_NS5A.bam					DQ835760.1.fasta
SRR40369428	SRP731023	new	PRJNA1519094	SAMN62712443	NP030A	NP030A_NS5B	HCV subtype 6f NS5B amplicon, NP030, virological failure	AMPLICON	VIRAL RNA	PCR	paired	ILLUMINA	Illumina MiSeq	Semi-nested RT-PCR of the NS5B gene from serum-derived viral RNA using subtype-matched primers, followed by paired-end sequencing. Reads were aligned to hepatitis C virus subtype 6f reference DQ835760.1.	bam	NP030A_NS5B.bam					DQ835760.1.fasta
SRR40369427	SRP731023	new	PRJNA1519094	SAMN62712444	NP030B	NP030B_NS5A	HCV subtype 6f NS5A amplicon, NP030, pre-treatment	AMPLICON	VIRAL RNA	PCR	paired	ILLUMINA	Illumina MiSeq	Semi-nested RT-PCR of the NS5A gene from serum-derived viral RNA using subtype-matched primers, followed by paired-end sequencing. Reads were aligned to hepatitis C virus subtype 6f reference DQ835760.1.	bam	NP030B_NS5A.bam					DQ835760.1.fasta
SRR40369426	SRP731023	new	PRJNA1519094	SAMN62712444	NP030B	NP030B_NS5B	HCV subtype 6f NS5B amplicon, NP030, pre-treatment	AMPLICON	VIRAL RNA	PCR	paired	ILLUMINA	Illumina MiSeq	Semi-nested RT-PCR of the NS5B gene from serum-derived viral RNA using subtype-matched primers, followed by paired-end sequencing. Reads were aligned to hepatitis C virus subtype 6f reference DQ835760.1.	bam	NP030B_NS5B.bam					DQ835760.1.fasta
SRR40369425	SRP731023	new	PRJNA1519094	SAMN62712445	NP031A	NP031A_NS5A	HCV subtype 6f NS5A amplicon, NP031, virological failure	AMPLICON	VIRAL RNA	PCR	paired	ILLUMINA	Illumina MiSeq	Semi-nested RT-PCR of the NS5A gene from serum-derived viral RNA using subtype-matched primers, followed by paired-end sequencing. Reads were aligned to hepatitis C virus subtype 6f reference DQ835760.1.	bam	NP031A_NS5A.bam					DQ835760.1.fasta
SRR40369424	SRP731023	new	PRJNA1519094	SAMN62712445	NP031A	NP031A_NS5B	HCV subtype 6f NS5B amplicon, NP031, virological failure	AMPLICON	VIRAL RNA	PCR	paired	ILLUMINA	Illumina MiSeq	Semi-nested RT-PCR of the NS5B gene from serum-derived viral RNA using subtype-matched primers, followed by paired-end sequencing. Reads were aligned to hepatitis C virus subtype 6f reference DQ835760.1.	bam	NP031A_NS5B.bam					DQ835760.1.fasta
SRR40369423	SRP731023	new	PRJNA1519094	SAMN62712446	NP031B	NP031B_NS5A	HCV subtype 6f NS5A amplicon, NP031, pre-treatment	AMPLICON	VIRAL RNA	PCR	paired	ILLUMINA	Illumina MiSeq	Semi-nested RT-PCR of the NS5A gene from serum-derived viral RNA using subtype-matched primers, followed by paired-end sequencing. Reads were aligned to hepatitis C virus subtype 6f reference DQ835760.1.	bam	NP031B_NS5A.bam					DQ835760.1.fasta
SRR40369422	SRP731023	new	PRJNA1519094	SAMN62712446	NP031B	NP031B_NS5B	HCV subtype 6f NS5B amplicon, NP031, pre-treatment	AMPLICON	VIRAL RNA	PCR	paired	ILLUMINA	Illumina MiSeq	Semi-nested RT-PCR of the NS5B gene from serum-derived viral RNA using subtype-matched primers, followed by paired-end sequencing. Reads were aligned to hepatitis C virus subtype 6f reference DQ835760.1.	bam	NP031B_NS5B.bam					DQ835760.1.fasta
SRR40369421	SRP731023	new	PRJNA1519094	SAMN62712447	NP032A	NP032A_NS5A	HCV subtype 6f NS5A amplicon, NP032, virological failure	AMPLICON	VIRAL RNA	PCR	paired	ILLUMINA	Illumina MiSeq	Semi-nested RT-PCR of the NS5A gene from serum-derived viral RNA using subtype-matched primers, followed by paired-end sequencing. Reads were aligned to hepatitis C virus subtype 6f reference DQ835760.1.	bam	NP032A_NS5A.bam					DQ835760.1.fasta
SRR40369420	SRP731023	new	PRJNA1519094	SAMN62712447	NP032A	NP032A_NS5B	HCV subtype 6f NS5B amplicon, NP032, virological failure	AMPLICON	VIRAL RNA	PCR	paired	ILLUMINA	Illumina MiSeq	Semi-nested RT-PCR of the NS5B gene from serum-derived viral RNA using subtype-matched primers, followed by paired-end sequencing. Reads were aligned to hepatitis C virus subtype 6f reference DQ835760.1.	bam	NP032A_NS5B.bam					DQ835760.1.fasta
SRR40369418	SRP731023	new	PRJNA1519094	SAMN62712448	NP032B	NP032B_NS5A	HCV subtype 6f NS5A amplicon, NP032, pre-treatment	AMPLICON	VIRAL RNA	PCR	paired	ILLUMINA	Illumina MiSeq	Semi-nested RT-PCR of the NS5A gene from serum-derived viral RNA using subtype-matched primers, followed by paired-end sequencing. Reads were aligned to hepatitis C virus subtype 6f reference DQ835760.1.	bam	NP032B_NS5A.bam					DQ835760.1.fasta
SRR40369417	SRP731023	new	PRJNA1519094	SAMN62712448	NP032B	NP032B_NS5B	HCV subtype 6f NS5B amplicon, NP032, pre-treatment	AMPLICON	VIRAL RNA	PCR	paired	ILLUMINA	Illumina MiSeq	Semi-nested RT-PCR of the NS5B gene from serum-derived viral RNA using subtype-matched primers, followed by paired-end sequencing. Reads were aligned to hepatitis C virus subtype 6f reference DQ835760.1.	bam	NP032B_NS5B.bam					DQ835760.1.fasta
SRR40369416	SRP731023	new	PRJNA1519094	SAMN62712449	NP033A	NP033A_NS5A	HCV subtype 6f NS5A amplicon, NP033, virological failure	AMPLICON	VIRAL RNA	PCR	paired	ILLUMINA	Illumina MiSeq	Semi-nested RT-PCR of the NS5A gene from serum-derived viral RNA using subtype-matched primers, followed by paired-end sequencing. Reads were aligned to hepatitis C virus subtype 6f reference DQ835760.1.	bam	NP033A_NS5A.bam					DQ835760.1.fasta
SRR40369415	SRP731023	new	PRJNA1519094	SAMN62712449	NP033A	NP033A_NS5B	HCV subtype 6f NS5B amplicon, NP033, virological failure	AMPLICON	VIRAL RNA	PCR	paired	ILLUMINA	Illumina MiSeq	Semi-nested RT-PCR of the NS5B gene from serum-derived viral RNA using subtype-matched primers, followed by paired-end sequencing. Reads were aligned to hepatitis C virus subtype 6f reference DQ835760.1.	bam	NP033A_NS5B.bam					DQ835760.1.fasta
SRR40369414	SRP731023	new	PRJNA1519094	SAMN62712450	NP033B	NP033B_NS5A	HCV subtype 6f NS5A amplicon, NP033, pre-treatment	AMPLICON	VIRAL RNA	PCR	paired	ILLUMINA	Illumina MiSeq	Semi-nested RT-PCR of the NS5A gene from serum-derived viral RNA using subtype-matched primers, followed by paired-end sequencing. Reads were aligned to hepatitis C virus subtype 6f reference DQ835760.1.	bam	NP033B_NS5A.bam					DQ835760.1.fasta
SRR40369413	SRP731023	new	PRJNA1519094	SAMN62712450	NP033B	NP033B_NS5B	HCV subtype 6f NS5B amplicon, NP033, pre-treatment	AMPLICON	VIRAL RNA	PCR	paired	ILLUMINA	Illumina MiSeq	Semi-nested RT-PCR of the NS5B gene from serum-derived viral RNA using subtype-matched primers, followed by paired-end sequencing. Reads were aligned to hepatitis C virus subtype 6f reference DQ835760.1.	bam	NP033B_NS5B.bam					DQ835760.1.fasta
SRR40369412	SRP731023	new	PRJNA1519094	SAMN62712451	NP035A	NP035A_NS5A	HCV subtype 6f NS5A amplicon, NP035, virological failure	AMPLICON	VIRAL RNA	PCR	paired	ILLUMINA	Illumina MiSeq	Semi-nested RT-PCR of the NS5A gene from serum-derived viral RNA using subtype-matched primers, followed by paired-end sequencing. Reads were aligned to hepatitis C virus subtype 6f reference DQ835760.1.	bam	NP035A_NS5A.bam					DQ835760.1.fasta
SRR40369411	SRP731023	new	PRJNA1519094	SAMN62712451	NP035A	NP035A_NS5B	HCV subtype 6f NS5B amplicon, NP035, virological failure	AMPLICON	VIRAL RNA	PCR	paired	ILLUMINA	Illumina MiSeq	Semi-nested RT-PCR of the NS5B gene from serum-derived viral RNA using subtype-matched primers, followed by paired-end sequencing. Reads were aligned to hepatitis C virus subtype 6f reference DQ835760.1.	bam	NP035A_NS5B.bam					DQ835760.1.fasta
SRR40369410	SRP731023	new	PRJNA1519094	SAMN62712452	NP035B	NP035B_NS5A	HCV subtype 6f NS5A amplicon, NP035, pre-treatment	AMPLICON	VIRAL RNA	PCR	paired	ILLUMINA	Illumina MiSeq	Semi-nested RT-PCR of the NS5A gene from serum-derived viral RNA using subtype-matched primers, followed by paired-end sequencing. Reads were aligned to hepatitis C virus subtype 6f reference DQ835760.1.	bam	NP035B_NS5A.bam					DQ835760.1.fasta
SRR40369409	SRP731023	new	PRJNA1519094	SAMN62712452	NP035B	NP035B_NS5B	HCV subtype 6f NS5B amplicon, NP035, pre-treatment	AMPLICON	VIRAL RNA	PCR	paired	ILLUMINA	Illumina MiSeq	Semi-nested RT-PCR of the NS5B gene from serum-derived viral RNA using subtype-matched primers, followed by paired-end sequencing. Reads were aligned to hepatitis C virus subtype 6f reference DQ835760.1.	bam	NP035B_NS5B.bam					DQ835760.1.fasta
SRR40369407	SRP731023	new	PRJNA1519094	SAMN62712453	NP039A	NP039A_NS5A	HCV subtype 6f NS5A amplicon, NP039, virological failure	AMPLICON	VIRAL RNA	PCR	paired	ILLUMINA	Illumina MiSeq	Semi-nested RT-PCR of the NS5A gene from serum-derived viral RNA using subtype-matched primers, followed by paired-end sequencing. Reads were aligned to hepatitis C virus subtype 6f reference DQ835760.1.	bam	NP039A_NS5A.bam					DQ835760.1.fasta
SRR40369382	SRP731023	new	PRJNA1519094	SAMN62712453	NP039A	NP039A_NS5B	HCV subtype 6f NS5B amplicon, NP039, virological failure	AMPLICON	VIRAL RNA	PCR	paired	ILLUMINA	Illumina MiSeq	Semi-nested RT-PCR of the NS5B gene from serum-derived viral RNA using subtype-matched primers, followed by paired-end sequencing. Reads were aligned to hepatitis C virus subtype 6f reference DQ835760.1.	bam	NP039A_NS5B.bam					DQ835760.1.fasta
SRR40369381	SRP731023	new	PRJNA1519094	SAMN62712454	NP039B	NP039B_NS5A	HCV subtype 6f NS5A amplicon, NP039, pre-treatment	AMPLICON	VIRAL RNA	PCR	paired	ILLUMINA	Illumina MiSeq	Semi-nested RT-PCR of the NS5A gene from serum-derived viral RNA using subtype-matched primers, followed by paired-end sequencing. Reads were aligned to hepatitis C virus subtype 6f reference DQ835760.1.	bam	NP039B_NS5A.bam					DQ835760.1.fasta
SRR40369380	SRP731023	new	PRJNA1519094	SAMN62712454	NP039B	NP039B_NS5B	HCV subtype 6f NS5B amplicon, NP039, pre-treatment	AMPLICON	VIRAL RNA	PCR	paired	ILLUMINA	Illumina MiSeq	Semi-nested RT-PCR of the NS5B gene from serum-derived viral RNA using subtype-matched primers, followed by paired-end sequencing. Reads were aligned to hepatitis C virus subtype 6f reference DQ835760.1.	bam	NP039B_NS5B.bam					DQ835760.1.fasta
SRR40369379	SRP731023	new	PRJNA1519094	SAMN62712455	NP040A	NP040A_NS5A	HCV subtype 6f NS5A amplicon, NP040, virological failure	AMPLICON	VIRAL RNA	PCR	paired	ILLUMINA	Illumina MiSeq	Semi-nested RT-PCR of the NS5A gene from serum-derived viral RNA using subtype-matched primers, followed by paired-end sequencing. Reads were aligned to hepatitis C virus subtype 6f reference DQ835760.1.	bam	NP040A_NS5A.bam					DQ835760.1.fasta
SRR40369378	SRP731023	new	PRJNA1519094	SAMN62712455	NP040A	NP040A_NS5B	HCV subtype 6f NS5B amplicon, NP040, virological failure	AMPLICON	VIRAL RNA	PCR	paired	ILLUMINA	Illumina MiSeq	Semi-nested RT-PCR of the NS5B gene from serum-derived viral RNA using subtype-matched primers, followed by paired-end sequencing. Reads were aligned to hepatitis C virus subtype 6f reference DQ835760.1.	bam	NP040A_NS5B.bam					DQ835760.1.fasta
SRR40369377	SRP731023	new	PRJNA1519094	SAMN62712456	NP040B	NP040B_NS5A	HCV subtype 6f NS5A amplicon, NP040, pre-treatment	AMPLICON	VIRAL RNA	PCR	paired	ILLUMINA	Illumina MiSeq	Semi-nested RT-PCR of the NS5A gene from serum-derived viral RNA using subtype-matched primers, followed by paired-end sequencing. Reads were aligned to hepatitis C virus subtype 6f reference DQ835760.1.	bam	NP040B_NS5A.bam					DQ835760.1.fasta
SRR40369376	SRP731023	new	PRJNA1519094	SAMN62712456	NP040B	NP040B_NS5B	HCV subtype 6f NS5B amplicon, NP040, pre-treatment	AMPLICON	VIRAL RNA	PCR	paired	ILLUMINA	Illumina MiSeq	Semi-nested RT-PCR of the NS5B gene from serum-derived viral RNA using subtype-matched primers, followed by paired-end sequencing. Reads were aligned to hepatitis C virus subtype 6f reference DQ835760.1.	bam	NP040B_NS5B.bam					DQ835760.1.fasta
SRR40369375	SRP731023	new	PRJNA1519094	SAMN62712457	NP044A	NP044A_NS5A	HCV subtype 6f NS5A amplicon, NP044, virological failure	AMPLICON	VIRAL RNA	PCR	paired	ILLUMINA	Illumina MiSeq	Semi-nested RT-PCR of the NS5A gene from serum-derived viral RNA using subtype-matched primers, followed by paired-end sequencing. Reads were aligned to hepatitis C virus subtype 6f reference DQ835760.1.	bam	NP044A_NS5A.bam					DQ835760.1.fasta
SRR40369374	SRP731023	new	PRJNA1519094	SAMN62712457	NP044A	NP044A_NS5B	HCV subtype 6f NS5B amplicon, NP044, virological failure	AMPLICON	VIRAL RNA	PCR	paired	ILLUMINA	Illumina MiSeq	Semi-nested RT-PCR of the NS5B gene from serum-derived viral RNA using subtype-matched primers, followed by paired-end sequencing. Reads were aligned to hepatitis C virus subtype 6f reference DQ835760.1.	bam	NP044A_NS5B.bam					DQ835760.1.fasta
SRR40369372	SRP731023	new	PRJNA1519094	SAMN62712458	NP044B	NP044B_NS5A	HCV subtype 6f NS5A amplicon, NP044, pre-treatment	AMPLICON	VIRAL RNA	PCR	paired	ILLUMINA	Illumina MiSeq	Semi-nested RT-PCR of the NS5A gene from serum-derived viral RNA using subtype-matched primers, followed by paired-end sequencing. Reads were aligned to hepatitis C virus subtype 6f reference DQ835760.1.	bam	NP044B_NS5A.bam					DQ835760.1.fasta
SRR40369371	SRP731023	new	PRJNA1519094	SAMN62712458	NP044B	NP044B_NS5B	HCV subtype 6f NS5B amplicon, NP044, pre-treatment	AMPLICON	VIRAL RNA	PCR	paired	ILLUMINA	Illumina MiSeq	Semi-nested RT-PCR of the NS5B gene from serum-derived viral RNA using subtype-matched primers, followed by paired-end sequencing. Reads were aligned to hepatitis C virus subtype 6f reference DQ835760.1.	bam	NP044B_NS5B.bam					DQ835760.1.fasta
SRR40369370	SRP731023	new	PRJNA1519094	SAMN62712459	NP045A	NP045A_NS5A	HCV subtype 6f NS5A amplicon, NP045, virological failure	AMPLICON	VIRAL RNA	PCR	paired	ILLUMINA	Illumina MiSeq	Semi-nested RT-PCR of the NS5A gene from serum-derived viral RNA using subtype-matched primers, followed by paired-end sequencing. Reads were aligned to hepatitis C virus subtype 6f reference DQ835760.1.	bam	NP045A_NS5A.bam					DQ835760.1.fasta
SRR40369369	SRP731023	new	PRJNA1519094	SAMN62712459	NP045A	NP045A_NS5B	HCV subtype 6f NS5B amplicon, NP045, virological failure	AMPLICON	VIRAL RNA	PCR	paired	ILLUMINA	Illumina MiSeq	Semi-nested RT-PCR of the NS5B gene from serum-derived viral RNA using subtype-matched primers, followed by paired-end sequencing. Reads were aligned to hepatitis C virus subtype 6f reference DQ835760.1.	bam	NP045A_NS5B.bam					DQ835760.1.fasta
SRR40369368	SRP731023	new	PRJNA1519094	SAMN62712460	NP045B	NP045B_NS5A	HCV subtype 6f NS5A amplicon, NP045, pre-treatment	AMPLICON	VIRAL RNA	PCR	paired	ILLUMINA	Illumina MiSeq	Semi-nested RT-PCR of the NS5A gene from serum-derived viral RNA using subtype-matched primers, followed by paired-end sequencing. Reads were aligned to hepatitis C virus subtype 6f reference DQ835760.1.	bam	NP045B_NS5A.bam					DQ835760.1.fasta
SRR40369367	SRP731023	new	PRJNA1519094	SAMN62712460	NP045B	NP045B_NS5B	HCV subtype 6f NS5B amplicon, NP045, pre-treatment	AMPLICON	VIRAL RNA	PCR	paired	ILLUMINA	Illumina MiSeq	Semi-nested RT-PCR of the NS5B gene from serum-derived viral RNA using subtype-matched primers, followed by paired-end sequencing. Reads were aligned to hepatitis C virus subtype 6f reference DQ835760.1.	bam	NP045B_NS5B.bam					DQ835760.1.fasta
SRR40369366	SRP731023	new	PRJNA1519094	SAMN62712461	PB026A	PB026A_NS5A	HCV subtype 6f NS5A amplicon, PB026, virological failure	AMPLICON	VIRAL RNA	PCR	paired	ILLUMINA	Illumina MiSeq	Semi-nested RT-PCR of the NS5A gene from serum-derived viral RNA using subtype-matched primers, followed by paired-end sequencing. Reads were aligned to hepatitis C virus subtype 6f reference DQ835760.1.	bam	PB026A_NS5A.bam					DQ835760.1.fasta
SRR40369365	SRP731023	new	PRJNA1519094	SAMN62712461	PB026A	PB026A_NS5B	HCV subtype 6f NS5B amplicon, PB026, virological failure	AMPLICON	VIRAL RNA	PCR	paired	ILLUMINA	Illumina MiSeq	Semi-nested RT-PCR of the NS5B gene from serum-derived viral RNA using subtype-matched primers, followed by paired-end sequencing. Reads were aligned to hepatitis C virus subtype 6f reference DQ835760.1.	bam	PB026A_NS5B.bam					DQ835760.1.fasta
SRR40369364	SRP731023	new	PRJNA1519094	SAMN62712462	PB026B	PB026B_NS5A	HCV subtype 6f NS5A amplicon, PB026, pre-treatment	AMPLICON	VIRAL RNA	PCR	paired	ILLUMINA	Illumina MiSeq	Semi-nested RT-PCR of the NS5A gene from serum-derived viral RNA using subtype-matched primers, followed by paired-end sequencing. Reads were aligned to hepatitis C virus subtype 6f reference DQ835760.1.	bam	PB026B_NS5A.bam					DQ835760.1.fasta
SRR40369363	SRP731023	new	PRJNA1519094	SAMN62712462	PB026B	PB026B_NS5B	HCV subtype 6f NS5B amplicon, PB026, pre-treatment	AMPLICON	VIRAL RNA	PCR	paired	ILLUMINA	Illumina MiSeq	Semi-nested RT-PCR of the NS5B gene from serum-derived viral RNA using subtype-matched primers, followed by paired-end sequencing. Reads were aligned to hepatitis C virus subtype 6f reference DQ835760.1.	bam	PB026B_NS5B.bam					DQ835760.1.fasta
SRR40369475	SRP731023	new	PRJNA1519094	SAMN62712463	PB027A	PB027A_NS5A	HCV subtype 6f NS5A amplicon, PB027, virological failure	AMPLICON	VIRAL RNA	PCR	paired	ILLUMINA	Illumina MiSeq	Semi-nested RT-PCR of the NS5A gene from serum-derived viral RNA using subtype-matched primers, followed by paired-end sequencing. Reads were aligned to hepatitis C virus subtype 6f reference DQ835760.1.	bam	PB027A_NS5A.bam					DQ835760.1.fasta
SRR40369474	SRP731023	new	PRJNA1519094	SAMN62712463	PB027A	PB027A_NS5B	HCV subtype 6f NS5B amplicon, PB027, virological failure	AMPLICON	VIRAL RNA	PCR	paired	ILLUMINA	Illumina MiSeq	Semi-nested RT-PCR of the NS5B gene from serum-derived viral RNA using subtype-matched primers, followed by paired-end sequencing. Reads were aligned to hepatitis C virus subtype 6f reference DQ835760.1.	bam	PB027A_NS5B.bam					DQ835760.1.fasta
SRR40369473	SRP731023	new	PRJNA1519094	SAMN62712464	PB027B	PB027B_NS5A	HCV subtype 6f NS5A amplicon, PB027, pre-treatment	AMPLICON	VIRAL RNA	PCR	paired	ILLUMINA	Illumina MiSeq	Semi-nested RT-PCR of the NS5A gene from serum-derived viral RNA using subtype-matched primers, followed by paired-end sequencing. Reads were aligned to hepatitis C virus subtype 6f reference DQ835760.1.	bam	PB027B_NS5A.bam					DQ835760.1.fasta
SRR40369472	SRP731023	new	PRJNA1519094	SAMN62712464	PB027B	PB027B_NS5B	HCV subtype 6f NS5B amplicon, PB027, pre-treatment	AMPLICON	VIRAL RNA	PCR	paired	ILLUMINA	Illumina MiSeq	Semi-nested RT-PCR of the NS5B gene from serum-derived viral RNA using subtype-matched primers, followed by paired-end sequencing. Reads were aligned to hepatitis C virus subtype 6f reference DQ835760.1.	bam	PB027B_NS5B.bam					DQ835760.1.fasta
SRR40369471	SRP731023	new	PRJNA1519094	SAMN62712465	PB029A	PB029A_NS5A	HCV subtype 6f NS5A amplicon, PB029, virological failure	AMPLICON	VIRAL RNA	PCR	paired	ILLUMINA	Illumina MiSeq	Semi-nested RT-PCR of the NS5A gene from serum-derived viral RNA using subtype-matched primers, followed by paired-end sequencing. Reads were aligned to hepatitis C virus subtype 6f reference DQ835760.1.	bam	PB029A_NS5A.bam					DQ835760.1.fasta
SRR40369470	SRP731023	new	PRJNA1519094	SAMN62712465	PB029A	PB029A_NS5B	HCV subtype 6f NS5B amplicon, PB029, virological failure	AMPLICON	VIRAL RNA	PCR	paired	ILLUMINA	Illumina MiSeq	Semi-nested RT-PCR of the NS5B gene from serum-derived viral RNA using subtype-matched primers, followed by paired-end sequencing. Reads were aligned to hepatitis C virus subtype 6f reference DQ835760.1.	bam	PB029A_NS5B.bam					DQ835760.1.fasta
SRR40369469	SRP731023	new	PRJNA1519094	SAMN62712466	PB029B	PB029B_NS5A	HCV subtype 6f NS5A amplicon, PB029, pre-treatment	AMPLICON	VIRAL RNA	PCR	paired	ILLUMINA	Illumina MiSeq	Semi-nested RT-PCR of the NS5A gene from serum-derived viral RNA using subtype-matched primers, followed by paired-end sequencing. Reads were aligned to hepatitis C virus subtype 6f reference DQ835760.1.	bam	PB029B_NS5A.bam					DQ835760.1.fasta
SRR40369468	SRP731023	new	PRJNA1519094	SAMN62712466	PB029B	PB029B_NS5B	HCV subtype 6f NS5B amplicon, PB029, pre-treatment	AMPLICON	VIRAL RNA	PCR	paired	ILLUMINA	Illumina MiSeq	Semi-nested RT-PCR of the NS5B gene from serum-derived viral RNA using subtype-matched primers, followed by paired-end sequencing. Reads were aligned to hepatitis C virus subtype 6f reference DQ835760.1.	bam	PB029B_NS5B.bam					DQ835760.1.fasta
SRR40369467	SRP731023	new	PRJNA1519094	SAMN62712467	PB031A	PB031A_NS5A	HCV subtype 6f NS5A amplicon, PB031, virological failure	AMPLICON	VIRAL RNA	PCR	paired	ILLUMINA	Illumina MiSeq	Semi-nested RT-PCR of the NS5A gene from serum-derived viral RNA using subtype-matched primers, followed by paired-end sequencing. Reads were aligned to hepatitis C virus subtype 6f reference DQ835760.1.	bam	PB031A_NS5A.bam					DQ835760.1.fasta
SRR40369466	SRP731023	new	PRJNA1519094	SAMN62712467	PB031A	PB031A_NS5B	HCV subtype 6f NS5B amplicon, PB031, virological failure	AMPLICON	VIRAL RNA	PCR	paired	ILLUMINA	Illumina MiSeq	Semi-nested RT-PCR of the NS5B gene from serum-derived viral RNA using subtype-matched primers, followed by paired-end sequencing. Reads were aligned to hepatitis C virus subtype 6f reference DQ835760.1.	bam	PB031A_NS5B.bam					DQ835760.1.fasta
SRR40369464	SRP731023	new	PRJNA1519094	SAMN62712468	PB031B	PB031B_NS5A	HCV subtype 6f NS5A amplicon, PB031, pre-treatment	AMPLICON	VIRAL RNA	PCR	paired	ILLUMINA	Illumina MiSeq	Semi-nested RT-PCR of the NS5A gene from serum-derived viral RNA using subtype-matched primers, followed by paired-end sequencing. Reads were aligned to hepatitis C virus subtype 6f reference DQ835760.1.	bam	PB031B_NS5A.bam					DQ835760.1.fasta
SRR40369463	SRP731023	new	PRJNA1519094	SAMN62712468	PB031B	PB031B_NS5B	HCV subtype 6f NS5B amplicon, PB031, pre-treatment	AMPLICON	VIRAL RNA	PCR	paired	ILLUMINA	Illumina MiSeq	Semi-nested RT-PCR of the NS5B gene from serum-derived viral RNA using subtype-matched primers, followed by paired-end sequencing. Reads were aligned to hepatitis C virus subtype 6f reference DQ835760.1.	bam	PB031B_NS5B.bam					DQ835760.1.fasta
SRR40369462	SRP731023	new	PRJNA1519094	SAMN62712469	ST003A	ST003A_NS5A	HCV subtype 6f NS5A amplicon, ST003, virological failure	AMPLICON	VIRAL RNA	PCR	paired	ILLUMINA	Illumina MiSeq	Semi-nested RT-PCR of the NS5A gene from serum-derived viral RNA using subtype-matched primers, followed by paired-end sequencing. Reads were aligned to hepatitis C virus subtype 6f reference DQ835760.1.	bam	ST003A_NS5A.bam					DQ835760.1.fasta
SRR40369461	SRP731023	new	PRJNA1519094	SAMN62712469	ST003A	ST003A_NS5B	HCV subtype 6f NS5B amplicon, ST003, virological failure	AMPLICON	VIRAL RNA	PCR	paired	ILLUMINA	Illumina MiSeq	Semi-nested RT-PCR of the NS5B gene from serum-derived viral RNA using subtype-matched primers, followed by paired-end sequencing. Reads were aligned to hepatitis C virus subtype 6f reference DQ835760.1.	bam	ST003A_NS5B.bam					DQ835760.1.fasta
SRR40369460	SRP731023	new	PRJNA1519094	SAMN62712470	ST003B	ST003B_NS5A	HCV subtype 6f NS5A amplicon, ST003, pre-treatment	AMPLICON	VIRAL RNA	PCR	paired	ILLUMINA	Illumina MiSeq	Semi-nested RT-PCR of the NS5A gene from serum-derived viral RNA using subtype-matched primers, followed by paired-end sequencing. Reads were aligned to hepatitis C virus subtype 6f reference DQ835760.1.	bam	ST003B_NS5A.bam					DQ835760.1.fasta
SRR40369459	SRP731023	new	PRJNA1519094	SAMN62712470	ST003B	ST003B_NS5B	HCV subtype 6f NS5B amplicon, ST003, pre-treatment	AMPLICON	VIRAL RNA	PCR	paired	ILLUMINA	Illumina MiSeq	Semi-nested RT-PCR of the NS5B gene from serum-derived viral RNA using subtype-matched primers, followed by paired-end sequencing. Reads were aligned to hepatitis C virus subtype 6f reference DQ835760.1.	bam	ST003B_NS5B.bam					DQ835760.1.fasta
